=== Thu Sep 24 17:50:48 CEST 2026 QUANT N4a-Q6 (stock, imatrix source) ===
ggml_cuda_init: found 1 CUDA devices (Total VRAM: 8106 MiB):
  Device 0: NVIDIA GeForce GTX 1070, compute capability 6.1, VMM: yes, VRAM: 8106 MiB
version: 0.4.1-dev (build 11051, commit 5b59b83f4)
built with GNU 16.2.1 for Linux x86_64
llama_quantize: quantizing '/mnt/Vsio/Downloads/RINIQ-N4a-BF16.gguf' to '/mnt/Vsio/Downloads/RINIQ-N4a-Q6_K.gguf' as Q6_K
llama_model_quantize: failed to quantize: tensor 'blk.16.attn_gate.weight' data is not within the file bounds, model is corrupted or incomplete
llama_quantize: failed to quantize model from '/mnt/Vsio/Downloads/RINIQ-N4a-BF16.gguf'
=== Thu Sep 24 17:50:52 CEST 2026 IMATRIX N4a-qwen38 on Q6 ===
0.00.869.948 E gguf_init_from_file: failed to open GGUF file '/mnt/Vsio/Downloads/RINIQ-N4a-Q6_K.gguf' (No such file or directory)
0.00.870.646 E llama_model_load: error loading model: llama_model_loader: failed to load model from /mnt/Vsio/Downloads/RINIQ-N4a-Q6_K.gguf
0.00.870.649 E llama_model_load_from_file_impl: failed to load model
0.00.873.120 E common_fit_params: encountered an error while trying to fit params to free device memory: failed to load model
0.00.873.140 E gguf_init_from_file: failed to open GGUF file '/mnt/Vsio/Downloads/RINIQ-N4a-Q6_K.gguf' (No such file or directory)
0.00.873.147 E llama_model_load: error loading model: llama_model_loader: failed to load model from /mnt/Vsio/Downloads/RINIQ-N4a-Q6_K.gguf
0.00.873.148 E llama_model_load_from_file_impl: failed to load model
0.00.873.150 E cmn  common_init_: failed to load model '/mnt/Vsio/Downloads/RINIQ-N4a-Q6_K.gguf'
0.00.873.153 E main : failed to init
=== Thu Sep 24 17:50:53 CEST 2026 QUANT RINIQ-N4a-MERNIK-5100-Q38 (smape, own qwen38 lens) ===
=== MERNIK ===
Model:   /mnt/Vsio/Downloads/RINIQ-N4a-BF16.gguf
Imatrix: /mnt/Vsio/Downloads/RINIQ-N4a-qwen38.imatrix.gguf
Target:  5100 MiB (4.98 GB)

[1/4] Reading model...
Traceback (most recent call last):
  File "/mnt/Vsio/MERNIK/main.py", line 293, in <module>
    main()
    ~~~~^^
  File "/mnt/Vsio/MERNIK/main.py", line 127, in main
    model = read_model(args.model)
  File "/mnt/Vsio/MERNIK/model_reader.py", line 87, in read_model
    r = gguf.GGUFReader(path)
  File "/mnt/Vsio/opencode-env/lib/python3.14/site-packages/gguf/gguf_reader.py", line 185, in __init__
    self._build_tensors(offs, tensors_fields)
    ~~~~~~~~~~~~~~~~~~~^^^^^^^^^^^^^^^^^^^^^^
  File "/mnt/Vsio/opencode-env/lib/python3.14/site-packages/gguf/gguf_reader.py", line 367, in _build_tensors
    data = self._get(data_offs, item_type, item_count).reshape(np_dims),
           ~~~~~~~~~~~~~~~~~~~~~~~~~~~~~~~~~~~~~~~~~~~~~~~~~~~^^^^^^^^^
ValueError: cannot reshape array of size 0 into shape (8192,8192)
=== Thu Sep 24 17:51:24 CEST 2026 PPL RINIQ-N4a-MERNIK-5100-Q38 ===
0.00.277.239 E gguf_init_from_file: failed to open GGUF file '/mnt/Vsio/Downloads/RINIQ-N4a-MERNIK-5100-Q38.gguf' (No such file or directory)
0.00.281.431 E llama_model_load: error loading model: llama_model_loader: failed to load model from /mnt/Vsio/Downloads/RINIQ-N4a-MERNIK-5100-Q38.gguf
0.00.281.435 E llama_model_load_from_file_impl: failed to load model
0.00.283.827 E common_fit_params: encountered an error while trying to fit params to free device memory: failed to load model
0.00.283.905 E gguf_init_from_file: failed to open GGUF file '/mnt/Vsio/Downloads/RINIQ-N4a-MERNIK-5100-Q38.gguf' (No such file or directory)
0.00.283.913 E llama_model_load: error loading model: llama_model_loader: failed to load model from /mnt/Vsio/Downloads/RINIQ-N4a-MERNIK-5100-Q38.gguf
0.00.283.913 E llama_model_load_from_file_impl: failed to load model
0.00.283.916 E cmn  common_init_: failed to load model '/mnt/Vsio/Downloads/RINIQ-N4a-MERNIK-5100-Q38.gguf'
0.00.283.918 E llama_perplexity: unable to load model
=== Thu Sep 24 17:51:25 CEST 2026 QUANT RINIQ-N4a-MERNIK-5100-Q38-SMSE (smse, own qwen38 lens) ===
=== MERNIK ===
Model:   /mnt/Vsio/Downloads/RINIQ-N4a-BF16.gguf
Imatrix: /mnt/Vsio/Downloads/RINIQ-N4a-qwen38.imatrix.gguf
Target:  5100 MiB (4.98 GB)

[1/4] Reading model...
Traceback (most recent call last):
  File "/mnt/Vsio/MERNIK/main.py", line 293, in <module>
    main()
    ~~~~^^
  File "/mnt/Vsio/MERNIK/main.py", line 127, in main
    model = read_model(args.model)
  File "/mnt/Vsio/MERNIK/model_reader.py", line 87, in read_model
    r = gguf.GGUFReader(path)
  File "/mnt/Vsio/opencode-env/lib/python3.14/site-packages/gguf/gguf_reader.py", line 185, in __init__
    self._build_tensors(offs, tensors_fields)
    ~~~~~~~~~~~~~~~~~~~^^^^^^^^^^^^^^^^^^^^^^
  File "/mnt/Vsio/opencode-env/lib/python3.14/site-packages/gguf/gguf_reader.py", line 367, in _build_tensors
    data = self._get(data_offs, item_type, item_count).reshape(np_dims),
           ~~~~~~~~~~~~~~~~~~~~~~~~~~~~~~~~~~~~~~~~~~~~~~~~~~~^^^^^^^^^
ValueError: cannot reshape array of size 71530912 into shape (4096,24576)
=== Thu Sep 24 17:51:50 CEST 2026 PPL RINIQ-N4a-MERNIK-5100-Q38-SMSE ===
0.00.763.699 E gguf_init_from_file: failed to open GGUF file '/mnt/Vsio/Downloads/RINIQ-N4a-MERNIK-5100-Q38-SMSE.gguf' (No such file or directory)
0.00.767.974 E llama_model_load: error loading model: llama_model_loader: failed to load model from /mnt/Vsio/Downloads/RINIQ-N4a-MERNIK-5100-Q38-SMSE.gguf
0.00.767.978 E llama_model_load_from_file_impl: failed to load model
0.00.770.433 E common_fit_params: encountered an error while trying to fit params to free device memory: failed to load model
0.00.770.485 E gguf_init_from_file: failed to open GGUF file '/mnt/Vsio/Downloads/RINIQ-N4a-MERNIK-5100-Q38-SMSE.gguf' (No such file or directory)
0.00.770.492 E llama_model_load: error loading model: llama_model_loader: failed to load model from /mnt/Vsio/Downloads/RINIQ-N4a-MERNIK-5100-Q38-SMSE.gguf
0.00.770.493 E llama_model_load_from_file_impl: failed to load model
0.00.770.495 E cmn  common_init_: failed to load model '/mnt/Vsio/Downloads/RINIQ-N4a-MERNIK-5100-Q38-SMSE.gguf'
0.00.770.498 E llama_perplexity: unable to load model
=== Thu Sep 24 17:51:53 CEST 2026 HE RINIQ-N4a-MERNIK-5100-Q38 ===
own server died during load, see /tmp/he_serve_28082.log
=== Thu Sep 24 17:52:31 CEST 2026 HE+ humaneval_riniqn4aq38.jsonl SKIPPED ===
=== Thu Sep 24 17:52:31 CEST 2026 HE RINIQ-N4a-MERNIK-5100-Q38-SMSE ===
own server died during load, see /tmp/he_serve_28082.log
=== Thu Sep 24 17:52:56 CEST 2026 HE+ humaneval_riniqn4aq38smse.jsonl SKIPPED ===
CHAIN-N4AQ38-DONE Thu Sep 24 17:52:57 CEST 2026
=== Thu Sep 24 18:09:36 CEST 2026 N4AQ38-v2 START ===
=== Thu Sep 24 18:09:36 CEST 2026 QUANT N4a-Q6 (stock, imatrix source) ===
ggml_cuda_init: found 1 CUDA devices (Total VRAM: 8106 MiB):
  Device 0: NVIDIA GeForce GTX 1070, compute capability 6.1, VMM: yes, VRAM: 8106 MiB
version: 0.4.1-dev (build 11051, commit 5b59b83f4)
built with GNU 16.2.1 for Linux x86_64
llama_quantize: quantizing '/mnt/Vsio/Downloads/RINIQ-N4a-BF16.gguf' to '/mnt/Vsio/Downloads/RINIQ-N4a-Q6_K.gguf' as Q6_K
llama_model_loader: loaded meta data with 40 key-value pairs and 427 tensors from /mnt/Vsio/Downloads/RINIQ-N4a-BF16.gguf (version GGUF V3 (latest))
llama_model_loader: Dumping metadata keys/values. Note: KV overrides do not apply in this output.
llama_model_loader: - kv   0:                       general.architecture str              = qwen35
llama_model_loader: - kv   1:                               general.type str              = model
llama_model_loader: - kv   2:                               general.name str              = OxCoder 9B
llama_model_loader: - kv   3:                           general.basename str              = OxCoder
llama_model_loader: - kv   4:                         general.size_label str              = 9B
llama_model_loader: - kv   5:                            general.license str              = apache-2.0
llama_model_loader: - kv   6:                   general.base_model.count u32              = 1
llama_model_loader: - kv   7:                  general.base_model.0.name str              = Qwen3.5 9B
llama_model_loader: - kv   8:          general.base_model.0.organization str              = Qwen
llama_model_loader: - kv   9:              general.base_model.0.repo_url str              = https://huggingface.co/Qwen/Qwen3.5-9B
llama_model_loader: - kv  10:                               general.tags arr[str,1]       = ["text-generation"]
llama_model_loader: - kv  11:                         qwen35.block_count u32              = 32
llama_model_loader: - kv  12:                      qwen35.context_length u32              = 262144
llama_model_loader: - kv  13:                    qwen35.embedding_length u32              = 4096
llama_model_loader: - kv  14:                 qwen35.feed_forward_length u32              = 12288
llama_model_loader: - kv  15:                qwen35.attention.head_count u32              = 16
llama_model_loader: - kv  16:             qwen35.attention.head_count_kv u32              = 4
llama_model_loader: - kv  17:             qwen35.rope.dimension_sections arr[i32,4]       = [11, 11, 10, 0]
llama_model_loader: - kv  18:                      qwen35.rope.freq_base f32              = 10000000.000000
llama_model_loader: - kv  19:    qwen35.attention.layer_norm_rms_epsilon f32              = 0.000001
llama_model_loader: - kv  20:                qwen35.attention.key_length u32              = 256
llama_model_loader: - kv  21:              qwen35.attention.value_length u32              = 256
llama_model_loader: - kv  22:                          general.file_type u32              = 32
llama_model_loader: - kv  23:                     qwen35.ssm.conv_kernel u32              = 4
llama_model_loader: - kv  24:                      qwen35.ssm.state_size u32              = 128
llama_model_loader: - kv  25:                     qwen35.ssm.group_count u32              = 16
llama_model_loader: - kv  26:                  qwen35.ssm.time_step_rank u32              = 32
llama_model_loader: - kv  27:                      qwen35.ssm.inner_size u32              = 4096
llama_model_loader: - kv  28:          qwen35.attention.recurrent_layers arr[bool,32]     = [true, true, true, false, true, true,...
llama_model_loader: - kv  29:             qwen35.full_attention_interval u32              = 4
llama_model_loader: - kv  30:                qwen35.rope.dimension_count u32              = 64
llama_model_loader: - kv  31:               general.quantization_version u32              = 2
llama_model_loader: - kv  32:                       tokenizer.ggml.model str              = gpt2
llama_model_loader: - kv  33:                         tokenizer.ggml.pre str              = qwen35
llama_model_loader: - kv  34:                      tokenizer.ggml.tokens arr[str,248320]  = ["!", "\"", "#", "$", "%", "&", "'", ...
llama_model_loader: - kv  35:                  tokenizer.ggml.token_type arr[i32,248320]  = [1, 1, 1, 1, 1, 1, 1, 1, 1, 1, 1, 1, ...
llama_model_loader: - kv  36:                      tokenizer.ggml.merges arr[str,247587]  = ["Ġ Ġ", "ĠĠ ĠĠ", "i n", "Ġ t",...
llama_model_loader: - kv  37:                tokenizer.ggml.eos_token_id u32              = 248046
llama_model_loader: - kv  38:            tokenizer.ggml.padding_token_id u32              = 248044
llama_model_loader: - kv  39:                    tokenizer.chat_template str              = {%- set template_version = "qwen3.6-f...
llama_model_loader: - type  f32:  177 tensors
llama_model_loader: - type bf16:  250 tensors
[   1/ 427] output.weight                        - [  4096, 248320,      1,      1], type =   bf16, converting to q6_K .. size =  1940.00 MiB ->   795.70 MiB
[   2/ 427] output_norm.weight                   - [  4096,      1,      1,      1], type =    f32, size =    0.016 MiB
[   3/ 427] token_embd.weight                    - [  4096, 248320,      1,      1], type =   bf16, converting to q6_K .. size =  1940.00 MiB ->   795.70 MiB
[   4/ 427] blk.0.attn_gate.weight               - [  4096,   4096,      1,      1], type =   bf16, converting to q6_K .. size =    32.00 MiB ->    13.12 MiB
[   5/ 427] blk.0.attn_norm.weight               - [  4096,      1,      1,      1], type =    f32, size =    0.016 MiB
[   6/ 427] blk.0.attn_qkv.weight                - [  4096,   8192,      1,      1], type =   bf16, converting to q6_K .. size =    64.00 MiB ->    26.25 MiB
[   7/ 427] blk.0.ffn_down.weight                - [ 12288,   4096,      1,      1], type =   bf16, converting to q6_K .. size =    96.00 MiB ->    39.38 MiB
[   8/ 427] blk.0.ffn_gate.weight                - [  4096,  12288,      1,      1], type =   bf16, converting to q6_K .. size =    96.00 MiB ->    39.38 MiB
[   9/ 427] blk.0.ffn_up.weight                  - [  4096,  12288,      1,      1], type =   bf16, converting to q6_K .. size =    96.00 MiB ->    39.38 MiB
[  10/ 427] blk.0.post_attention_norm.weight     - [  4096,      1,      1,      1], type =    f32, size =    0.016 MiB
[  11/ 427] blk.0.ssm_a                          - [    32,      1,      1,      1], type =    f32, size =    0.000 MiB
[  12/ 427] blk.0.ssm_alpha.weight               - [  4096,     32,      1,      1], type =   bf16, converting to q6_K .. size =     0.25 MiB ->     0.10 MiB
[  13/ 427] blk.0.ssm_beta.weight                - [  4096,     32,      1,      1], type =   bf16, converting to q6_K .. size =     0.25 MiB ->     0.10 MiB
[  14/ 427] blk.0.ssm_conv1d.weight              - [     4,   8192,      1,      1], type =    f32, size =    0.125 MiB
[  15/ 427] blk.0.ssm_dt.bias                    - [    32,      1,      1,      1], type =    f32, size =    0.000 MiB
[  16/ 427] blk.0.ssm_norm.weight                - [   128,      1,      1,      1], type =    f32, size =    0.000 MiB
[  17/ 427] blk.0.ssm_out.weight                 - [  4096,   4096,      1,      1], type =   bf16, converting to q6_K .. size =    32.00 MiB ->    13.12 MiB
[  18/ 427] blk.1.attn_gate.weight               - [  4096,   4096,      1,      1], type =   bf16, converting to q6_K .. size =    32.00 MiB ->    13.12 MiB
[  19/ 427] blk.1.attn_norm.weight               - [  4096,      1,      1,      1], type =    f32, size =    0.016 MiB
[  20/ 427] blk.1.attn_qkv.weight                - [  4096,   8192,      1,      1], type =   bf16, converting to q6_K .. size =    64.00 MiB ->    26.25 MiB
[  21/ 427] blk.1.ffn_down.weight                - [ 12288,   4096,      1,      1], type =   bf16, converting to q6_K .. size =    96.00 MiB ->    39.38 MiB
[  22/ 427] blk.1.ffn_gate.weight                - [  4096,  12288,      1,      1], type =   bf16, converting to q6_K .. size =    96.00 MiB ->    39.38 MiB
[  23/ 427] blk.1.ffn_up.weight                  - [  4096,  12288,      1,      1], type =   bf16, converting to q6_K .. size =    96.00 MiB ->    39.38 MiB
[  24/ 427] blk.1.post_attention_norm.weight     - [  4096,      1,      1,      1], type =    f32, size =    0.016 MiB
[  25/ 427] blk.1.ssm_a                          - [    32,      1,      1,      1], type =    f32, size =    0.000 MiB
[  26/ 427] blk.1.ssm_alpha.weight               - [  4096,     32,      1,      1], type =   bf16, converting to q6_K .. size =     0.25 MiB ->     0.10 MiB
[  27/ 427] blk.1.ssm_beta.weight                - [  4096,     32,      1,      1], type =   bf16, converting to q6_K .. size =     0.25 MiB ->     0.10 MiB
[  28/ 427] blk.1.ssm_conv1d.weight              - [     4,   8192,      1,      1], type =    f32, size =    0.125 MiB
[  29/ 427] blk.1.ssm_dt.bias                    - [    32,      1,      1,      1], type =    f32, size =    0.000 MiB
[  30/ 427] blk.1.ssm_norm.weight                - [   128,      1,      1,      1], type =    f32, size =    0.000 MiB
[  31/ 427] blk.1.ssm_out.weight                 - [  4096,   4096,      1,      1], type =   bf16, converting to q6_K .. size =    32.00 MiB ->    13.12 MiB
[  32/ 427] blk.2.attn_gate.weight               - [  4096,   4096,      1,      1], type =   bf16, converting to q6_K .. size =    32.00 MiB ->    13.12 MiB
[  33/ 427] blk.2.attn_norm.weight               - [  4096,      1,      1,      1], type =    f32, size =    0.016 MiB
[  34/ 427] blk.2.attn_qkv.weight                - [  4096,   8192,      1,      1], type =   bf16, converting to q6_K .. size =    64.00 MiB ->    26.25 MiB
[  35/ 427] blk.2.ffn_down.weight                - [ 12288,   4096,      1,      1], type =   bf16, converting to q6_K .. size =    96.00 MiB ->    39.38 MiB
[  36/ 427] blk.2.ffn_gate.weight                - [  4096,  12288,      1,      1], type =   bf16, converting to q6_K .. size =    96.00 MiB ->    39.38 MiB
[  37/ 427] blk.2.ffn_up.weight                  - [  4096,  12288,      1,      1], type =   bf16, converting to q6_K .. size =    96.00 MiB ->    39.38 MiB
[  38/ 427] blk.2.post_attention_norm.weight     - [  4096,      1,      1,      1], type =    f32, size =    0.016 MiB
[  39/ 427] blk.2.ssm_a                          - [    32,      1,      1,      1], type =    f32, size =    0.000 MiB
[  40/ 427] blk.2.ssm_alpha.weight               - [  4096,     32,      1,      1], type =   bf16, converting to q6_K .. size =     0.25 MiB ->     0.10 MiB
[  41/ 427] blk.2.ssm_beta.weight                - [  4096,     32,      1,      1], type =   bf16, converting to q6_K .. size =     0.25 MiB ->     0.10 MiB
[  42/ 427] blk.2.ssm_conv1d.weight              - [     4,   8192,      1,      1], type =    f32, size =    0.125 MiB
[  43/ 427] blk.2.ssm_dt.bias                    - [    32,      1,      1,      1], type =    f32, size =    0.000 MiB
[  44/ 427] blk.2.ssm_norm.weight                - [   128,      1,      1,      1], type =    f32, size =    0.000 MiB
[  45/ 427] blk.2.ssm_out.weight                 - [  4096,   4096,      1,      1], type =   bf16, converting to q6_K .. size =    32.00 MiB ->    13.12 MiB
[  46/ 427] blk.3.attn_k.weight                  - [  4096,   1024,      1,      1], type =   bf16, converting to q6_K .. size =     8.00 MiB ->     3.28 MiB
[  47/ 427] blk.3.attn_k_norm.weight             - [   256,      1,      1,      1], type =    f32, size =    0.001 MiB
[  48/ 427] blk.3.attn_norm.weight               - [  4096,      1,      1,      1], type =    f32, size =    0.016 MiB
[  49/ 427] blk.3.attn_output.weight             - [  4096,   4096,      1,      1], type =   bf16, converting to q6_K .. size =    32.00 MiB ->    13.12 MiB
[  50/ 427] blk.3.attn_q.weight                  - [  4096,   8192,      1,      1], type =   bf16, converting to q6_K .. size =    64.00 MiB ->    26.25 MiB
[  51/ 427] blk.3.attn_q_norm.weight             - [   256,      1,      1,      1], type =    f32, size =    0.001 MiB
[  52/ 427] blk.3.attn_v.weight                  - [  4096,   1024,      1,      1], type =   bf16, converting to q6_K .. size =     8.00 MiB ->     3.28 MiB
[  53/ 427] blk.3.ffn_down.weight                - [ 12288,   4096,      1,      1], type =   bf16, converting to q6_K .. size =    96.00 MiB ->    39.38 MiB
[  54/ 427] blk.3.ffn_gate.weight                - [  4096,  12288,      1,      1], type =   bf16, converting to q6_K .. size =    96.00 MiB ->    39.38 MiB
[  55/ 427] blk.3.ffn_up.weight                  - [  4096,  12288,      1,      1], type =   bf16, converting to q6_K .. size =    96.00 MiB ->    39.38 MiB
[  56/ 427] blk.3.post_attention_norm.weight     - [  4096,      1,      1,      1], type =    f32, size =    0.016 MiB
[  57/ 427] blk.4.attn_gate.weight               - [  4096,   4096,      1,      1], type =   bf16, converting to q6_K .. size =    32.00 MiB ->    13.12 MiB
[  58/ 427] blk.4.attn_norm.weight               - [  4096,      1,      1,      1], type =    f32, size =    0.016 MiB
[  59/ 427] blk.4.attn_qkv.weight                - [  4096,   8192,      1,      1], type =   bf16, converting to q6_K .. size =    64.00 MiB ->    26.25 MiB
[  60/ 427] blk.4.ffn_down.weight                - [ 12288,   4096,      1,      1], type =   bf16, converting to q6_K .. size =    96.00 MiB ->    39.38 MiB
[  61/ 427] blk.4.ffn_gate.weight                - [  4096,  12288,      1,      1], type =   bf16, converting to q6_K .. size =    96.00 MiB ->    39.38 MiB
[  62/ 427] blk.4.ffn_up.weight                  - [  4096,  12288,      1,      1], type =   bf16, converting to q6_K .. size =    96.00 MiB ->    39.38 MiB
[  63/ 427] blk.4.post_attention_norm.weight     - [  4096,      1,      1,      1], type =    f32, size =    0.016 MiB
[  64/ 427] blk.4.ssm_a                          - [    32,      1,      1,      1], type =    f32, size =    0.000 MiB
[  65/ 427] blk.4.ssm_alpha.weight               - [  4096,     32,      1,      1], type =   bf16, converting to q6_K .. size =     0.25 MiB ->     0.10 MiB
[  66/ 427] blk.4.ssm_beta.weight                - [  4096,     32,      1,      1], type =   bf16, converting to q6_K .. size =     0.25 MiB ->     0.10 MiB
[  67/ 427] blk.4.ssm_conv1d.weight              - [     4,   8192,      1,      1], type =    f32, size =    0.125 MiB
[  68/ 427] blk.4.ssm_dt.bias                    - [    32,      1,      1,      1], type =    f32, size =    0.000 MiB
[  69/ 427] blk.4.ssm_norm.weight                - [   128,      1,      1,      1], type =    f32, size =    0.000 MiB
[  70/ 427] blk.4.ssm_out.weight                 - [  4096,   4096,      1,      1], type =   bf16, converting to q6_K .. size =    32.00 MiB ->    13.12 MiB
[  71/ 427] blk.5.attn_gate.weight               - [  4096,   4096,      1,      1], type =   bf16, converting to q6_K .. size =    32.00 MiB ->    13.12 MiB
[  72/ 427] blk.5.attn_norm.weight               - [  4096,      1,      1,      1], type =    f32, size =    0.016 MiB
[  73/ 427] blk.5.attn_qkv.weight                - [  4096,   8192,      1,      1], type =   bf16, converting to q6_K .. size =    64.00 MiB ->    26.25 MiB
[  74/ 427] blk.5.ffn_down.weight                - [ 12288,   4096,      1,      1], type =   bf16, converting to q6_K .. size =    96.00 MiB ->    39.38 MiB
[  75/ 427] blk.5.ffn_gate.weight                - [  4096,  12288,      1,      1], type =   bf16, converting to q6_K .. size =    96.00 MiB ->    39.38 MiB
[  76/ 427] blk.5.ffn_up.weight                  - [  4096,  12288,      1,      1], type =   bf16, converting to q6_K .. size =    96.00 MiB ->    39.38 MiB
[  77/ 427] blk.5.post_attention_norm.weight     - [  4096,      1,      1,      1], type =    f32, size =    0.016 MiB
[  78/ 427] blk.5.ssm_a                          - [    32,      1,      1,      1], type =    f32, size =    0.000 MiB
[  79/ 427] blk.5.ssm_alpha.weight               - [  4096,     32,      1,      1], type =   bf16, converting to q6_K .. size =     0.25 MiB ->     0.10 MiB
[  80/ 427] blk.5.ssm_beta.weight                - [  4096,     32,      1,      1], type =   bf16, converting to q6_K .. size =     0.25 MiB ->     0.10 MiB
[  81/ 427] blk.5.ssm_conv1d.weight              - [     4,   8192,      1,      1], type =    f32, size =    0.125 MiB
[  82/ 427] blk.5.ssm_dt.bias                    - [    32,      1,      1,      1], type =    f32, size =    0.000 MiB
[  83/ 427] blk.5.ssm_norm.weight                - [   128,      1,      1,      1], type =    f32, size =    0.000 MiB
[  84/ 427] blk.5.ssm_out.weight                 - [  4096,   4096,      1,      1], type =   bf16, converting to q6_K .. size =    32.00 MiB ->    13.12 MiB
[  85/ 427] blk.6.attn_gate.weight               - [  4096,   4096,      1,      1], type =   bf16, converting to q6_K .. size =    32.00 MiB ->    13.12 MiB
[  86/ 427] blk.6.attn_norm.weight               - [  4096,      1,      1,      1], type =    f32, size =    0.016 MiB
[  87/ 427] blk.6.attn_qkv.weight                - [  4096,   8192,      1,      1], type =   bf16, converting to q6_K .. size =    64.00 MiB ->    26.25 MiB
[  88/ 427] blk.6.ffn_down.weight                - [ 12288,   4096,      1,      1], type =   bf16, converting to q6_K .. size =    96.00 MiB ->    39.38 MiB
[  89/ 427] blk.6.ffn_gate.weight                - [  4096,  12288,      1,      1], type =   bf16, converting to q6_K .. size =    96.00 MiB ->    39.38 MiB
[  90/ 427] blk.6.ffn_up.weight                  - [  4096,  12288,      1,      1], type =   bf16, converting to q6_K .. size =    96.00 MiB ->    39.38 MiB
[  91/ 427] blk.6.post_attention_norm.weight     - [  4096,      1,      1,      1], type =    f32, size =    0.016 MiB
[  92/ 427] blk.6.ssm_a                          - [    32,      1,      1,      1], type =    f32, size =    0.000 MiB
[  93/ 427] blk.6.ssm_alpha.weight               - [  4096,     32,      1,      1], type =   bf16, converting to q6_K .. size =     0.25 MiB ->     0.10 MiB
[  94/ 427] blk.6.ssm_beta.weight                - [  4096,     32,      1,      1], type =   bf16, converting to q6_K .. size =     0.25 MiB ->     0.10 MiB
[  95/ 427] blk.6.ssm_conv1d.weight              - [     4,   8192,      1,      1], type =    f32, size =    0.125 MiB
[  96/ 427] blk.6.ssm_dt.bias                    - [    32,      1,      1,      1], type =    f32, size =    0.000 MiB
[  97/ 427] blk.6.ssm_norm.weight                - [   128,      1,      1,      1], type =    f32, size =    0.000 MiB
[  98/ 427] blk.6.ssm_out.weight                 - [  4096,   4096,      1,      1], type =   bf16, converting to q6_K .. size =    32.00 MiB ->    13.12 MiB
[  99/ 427] blk.7.attn_k.weight                  - [  4096,   1024,      1,      1], type =   bf16, converting to q6_K .. size =     8.00 MiB ->     3.28 MiB
[ 100/ 427] blk.7.attn_k_norm.weight             - [   256,      1,      1,      1], type =    f32, size =    0.001 MiB
[ 101/ 427] blk.7.attn_norm.weight               - [  4096,      1,      1,      1], type =    f32, size =    0.016 MiB
[ 102/ 427] blk.7.attn_output.weight             - [  4096,   4096,      1,      1], type =   bf16, converting to q6_K .. size =    32.00 MiB ->    13.12 MiB
[ 103/ 427] blk.7.attn_q.weight                  - [  4096,   8192,      1,      1], type =   bf16, converting to q6_K .. size =    64.00 MiB ->    26.25 MiB
[ 104/ 427] blk.7.attn_q_norm.weight             - [   256,      1,      1,      1], type =    f32, size =    0.001 MiB
[ 105/ 427] blk.7.attn_v.weight                  - [  4096,   1024,      1,      1], type =   bf16, converting to q6_K .. size =     8.00 MiB ->     3.28 MiB
[ 106/ 427] blk.7.ffn_down.weight                - [ 12288,   4096,      1,      1], type =   bf16, converting to q6_K .. size =    96.00 MiB ->    39.38 MiB
[ 107/ 427] blk.7.ffn_gate.weight                - [  4096,  12288,      1,      1], type =   bf16, converting to q6_K .. size =    96.00 MiB ->    39.38 MiB
[ 108/ 427] blk.7.ffn_up.weight                  - [  4096,  12288,      1,      1], type =   bf16, converting to q6_K .. size =    96.00 MiB ->    39.38 MiB
[ 109/ 427] blk.7.post_attention_norm.weight     - [  4096,      1,      1,      1], type =    f32, size =    0.016 MiB
[ 110/ 427] blk.8.attn_gate.weight               - [  4096,   4096,      1,      1], type =   bf16, converting to q6_K .. size =    32.00 MiB ->    13.12 MiB
[ 111/ 427] blk.8.attn_norm.weight               - [  4096,      1,      1,      1], type =    f32, size =    0.016 MiB
[ 112/ 427] blk.8.attn_qkv.weight                - [  4096,   8192,      1,      1], type =   bf16, converting to q6_K .. size =    64.00 MiB ->    26.25 MiB
[ 113/ 427] blk.8.ffn_down.weight                - [ 12288,   4096,      1,      1], type =   bf16, converting to q6_K .. size =    96.00 MiB ->    39.38 MiB
[ 114/ 427] blk.8.ffn_gate.weight                - [  4096,  12288,      1,      1], type =   bf16, converting to q6_K .. size =    96.00 MiB ->    39.38 MiB
[ 115/ 427] blk.8.ffn_up.weight                  - [  4096,  12288,      1,      1], type =   bf16, converting to q6_K .. size =    96.00 MiB ->    39.38 MiB
[ 116/ 427] blk.8.post_attention_norm.weight     - [  4096,      1,      1,      1], type =    f32, size =    0.016 MiB
[ 117/ 427] blk.8.ssm_a                          - [    32,      1,      1,      1], type =    f32, size =    0.000 MiB
[ 118/ 427] blk.8.ssm_alpha.weight               - [  4096,     32,      1,      1], type =   bf16, converting to q6_K .. size =     0.25 MiB ->     0.10 MiB
[ 119/ 427] blk.8.ssm_beta.weight                - [  4096,     32,      1,      1], type =   bf16, converting to q6_K .. size =     0.25 MiB ->     0.10 MiB
[ 120/ 427] blk.8.ssm_conv1d.weight              - [     4,   8192,      1,      1], type =    f32, size =    0.125 MiB
[ 121/ 427] blk.8.ssm_dt.bias                    - [    32,      1,      1,      1], type =    f32, size =    0.000 MiB
[ 122/ 427] blk.8.ssm_norm.weight                - [   128,      1,      1,      1], type =    f32, size =    0.000 MiB
[ 123/ 427] blk.8.ssm_out.weight                 - [  4096,   4096,      1,      1], type =   bf16, converting to q6_K .. size =    32.00 MiB ->    13.12 MiB
[ 124/ 427] blk.9.attn_gate.weight               - [  4096,   4096,      1,      1], type =   bf16, converting to q6_K .. size =    32.00 MiB ->    13.12 MiB
[ 125/ 427] blk.9.attn_norm.weight               - [  4096,      1,      1,      1], type =    f32, size =    0.016 MiB
[ 126/ 427] blk.9.attn_qkv.weight                - [  4096,   8192,      1,      1], type =   bf16, converting to q6_K .. size =    64.00 MiB ->    26.25 MiB
[ 127/ 427] blk.9.ffn_down.weight                - [ 12288,   4096,      1,      1], type =   bf16, converting to q6_K .. size =    96.00 MiB ->    39.38 MiB
[ 128/ 427] blk.9.ffn_gate.weight                - [  4096,  12288,      1,      1], type =   bf16, converting to q6_K .. size =    96.00 MiB ->    39.38 MiB
[ 129/ 427] blk.9.ffn_up.weight                  - [  4096,  12288,      1,      1], type =   bf16, converting to q6_K .. size =    96.00 MiB ->    39.38 MiB
[ 130/ 427] blk.9.post_attention_norm.weight     - [  4096,      1,      1,      1], type =    f32, size =    0.016 MiB
[ 131/ 427] blk.9.ssm_a                          - [    32,      1,      1,      1], type =    f32, size =    0.000 MiB
[ 132/ 427] blk.9.ssm_alpha.weight               - [  4096,     32,      1,      1], type =   bf16, converting to q6_K .. size =     0.25 MiB ->     0.10 MiB
[ 133/ 427] blk.9.ssm_beta.weight                - [  4096,     32,      1,      1], type =   bf16, converting to q6_K .. size =     0.25 MiB ->     0.10 MiB
[ 134/ 427] blk.9.ssm_conv1d.weight              - [     4,   8192,      1,      1], type =    f32, size =    0.125 MiB
[ 135/ 427] blk.9.ssm_dt.bias                    - [    32,      1,      1,      1], type =    f32, size =    0.000 MiB
[ 136/ 427] blk.9.ssm_norm.weight                - [   128,      1,      1,      1], type =    f32, size =    0.000 MiB
[ 137/ 427] blk.9.ssm_out.weight                 - [  4096,   4096,      1,      1], type =   bf16, converting to q6_K .. size =    32.00 MiB ->    13.12 MiB
[ 138/ 427] blk.10.attn_gate.weight              - [  4096,   4096,      1,      1], type =   bf16, converting to q6_K .. size =    32.00 MiB ->    13.12 MiB
[ 139/ 427] blk.10.attn_norm.weight              - [  4096,      1,      1,      1], type =    f32, size =    0.016 MiB
[ 140/ 427] blk.10.attn_qkv.weight               - [  4096,   8192,      1,      1], type =   bf16, converting to q6_K .. size =    64.00 MiB ->    26.25 MiB
[ 141/ 427] blk.10.ffn_down.weight               - [ 12288,   4096,      1,      1], type =   bf16, converting to q6_K .. size =    96.00 MiB ->    39.38 MiB
[ 142/ 427] blk.10.ffn_gate.weight               - [  4096,  12288,      1,      1], type =   bf16, converting to q6_K .. size =    96.00 MiB ->    39.38 MiB
[ 143/ 427] blk.10.ffn_up.weight                 - [  4096,  12288,      1,      1], type =   bf16, converting to q6_K .. size =    96.00 MiB ->    39.38 MiB
[ 144/ 427] blk.10.post_attention_norm.weight    - [  4096,      1,      1,      1], type =    f32, size =    0.016 MiB
[ 145/ 427] blk.10.ssm_a                         - [    32,      1,      1,      1], type =    f32, size =    0.000 MiB
[ 146/ 427] blk.10.ssm_alpha.weight              - [  4096,     32,      1,      1], type =   bf16, converting to q6_K .. size =     0.25 MiB ->     0.10 MiB
[ 147/ 427] blk.10.ssm_beta.weight               - [  4096,     32,      1,      1], type =   bf16, converting to q6_K .. size =     0.25 MiB ->     0.10 MiB
[ 148/ 427] blk.10.ssm_conv1d.weight             - [     4,   8192,      1,      1], type =    f32, size =    0.125 MiB
[ 149/ 427] blk.10.ssm_dt.bias                   - [    32,      1,      1,      1], type =    f32, size =    0.000 MiB
[ 150/ 427] blk.10.ssm_norm.weight               - [   128,      1,      1,      1], type =    f32, size =    0.000 MiB
[ 151/ 427] blk.10.ssm_out.weight                - [  4096,   4096,      1,      1], type =   bf16, converting to q6_K .. size =    32.00 MiB ->    13.12 MiB
[ 152/ 427] blk.11.attn_k.weight                 - [  4096,   1024,      1,      1], type =   bf16, converting to q6_K .. size =     8.00 MiB ->     3.28 MiB
[ 153/ 427] blk.11.attn_k_norm.weight            - [   256,      1,      1,      1], type =    f32, size =    0.001 MiB
[ 154/ 427] blk.11.attn_norm.weight              - [  4096,      1,      1,      1], type =    f32, size =    0.016 MiB
[ 155/ 427] blk.11.attn_output.weight            - [  4096,   4096,      1,      1], type =   bf16, converting to q6_K .. size =    32.00 MiB ->    13.12 MiB
[ 156/ 427] blk.11.attn_q.weight                 - [  4096,   8192,      1,      1], type =   bf16, converting to q6_K .. size =    64.00 MiB ->    26.25 MiB
[ 157/ 427] blk.11.attn_q_norm.weight            - [   256,      1,      1,      1], type =    f32, size =    0.001 MiB
[ 158/ 427] blk.11.attn_v.weight                 - [  4096,   1024,      1,      1], type =   bf16, converting to q6_K .. size =     8.00 MiB ->     3.28 MiB
[ 159/ 427] blk.11.ffn_down.weight               - [ 12288,   4096,      1,      1], type =   bf16, converting to q6_K .. size =    96.00 MiB ->    39.38 MiB
[ 160/ 427] blk.11.ffn_gate.weight               - [  4096,  12288,      1,      1], type =   bf16, converting to q6_K .. size =    96.00 MiB ->    39.38 MiB
[ 161/ 427] blk.11.ffn_up.weight                 - [  4096,  12288,      1,      1], type =   bf16, converting to q6_K .. size =    96.00 MiB ->    39.38 MiB
[ 162/ 427] blk.11.post_attention_norm.weight    - [  4096,      1,      1,      1], type =    f32, size =    0.016 MiB
[ 163/ 427] blk.12.attn_gate.weight              - [  4096,   4096,      1,      1], type =   bf16, converting to q6_K .. size =    32.00 MiB ->    13.12 MiB
[ 164/ 427] blk.12.attn_norm.weight              - [  4096,      1,      1,      1], type =    f32, size =    0.016 MiB
[ 165/ 427] blk.12.attn_qkv.weight               - [  4096,   8192,      1,      1], type =   bf16, converting to q6_K .. size =    64.00 MiB ->    26.25 MiB
[ 166/ 427] blk.12.ffn_down.weight               - [ 12288,   4096,      1,      1], type =   bf16, converting to q6_K .. size =    96.00 MiB ->    39.38 MiB
[ 167/ 427] blk.12.ffn_gate.weight               - [  4096,  12288,      1,      1], type =   bf16, converting to q6_K .. size =    96.00 MiB ->    39.38 MiB
[ 168/ 427] blk.12.ffn_up.weight                 - [  4096,  12288,      1,      1], type =   bf16, converting to q6_K .. size =    96.00 MiB ->    39.38 MiB
[ 169/ 427] blk.12.post_attention_norm.weight    - [  4096,      1,      1,      1], type =    f32, size =    0.016 MiB
[ 170/ 427] blk.12.ssm_a                         - [    32,      1,      1,      1], type =    f32, size =    0.000 MiB
[ 171/ 427] blk.12.ssm_alpha.weight              - [  4096,     32,      1,      1], type =   bf16, converting to q6_K .. size =     0.25 MiB ->     0.10 MiB
[ 172/ 427] blk.12.ssm_beta.weight               - [  4096,     32,      1,      1], type =   bf16, converting to q6_K .. size =     0.25 MiB ->     0.10 MiB
[ 173/ 427] blk.12.ssm_conv1d.weight             - [     4,   8192,      1,      1], type =    f32, size =    0.125 MiB
[ 174/ 427] blk.12.ssm_dt.bias                   - [    32,      1,      1,      1], type =    f32, size =    0.000 MiB
[ 175/ 427] blk.12.ssm_norm.weight               - [   128,      1,      1,      1], type =    f32, size =    0.000 MiB
[ 176/ 427] blk.12.ssm_out.weight                - [  4096,   4096,      1,      1], type =   bf16, converting to q6_K .. size =    32.00 MiB ->    13.12 MiB
[ 177/ 427] blk.13.attn_gate.weight              - [  4096,   4096,      1,      1], type =   bf16, converting to q6_K .. size =    32.00 MiB ->    13.12 MiB
[ 178/ 427] blk.13.attn_norm.weight              - [  4096,      1,      1,      1], type =    f32, size =    0.016 MiB
[ 179/ 427] blk.13.attn_qkv.weight               - [  4096,   8192,      1,      1], type =   bf16, converting to q6_K .. size =    64.00 MiB ->    26.25 MiB
[ 180/ 427] blk.13.ffn_down.weight               - [ 12288,   4096,      1,      1], type =   bf16, converting to q6_K .. size =    96.00 MiB ->    39.38 MiB
[ 181/ 427] blk.13.ffn_gate.weight               - [  4096,  12288,      1,      1], type =   bf16, converting to q6_K .. size =    96.00 MiB ->    39.38 MiB
[ 182/ 427] blk.13.ffn_up.weight                 - [  4096,  12288,      1,      1], type =   bf16, converting to q6_K .. size =    96.00 MiB ->    39.38 MiB
[ 183/ 427] blk.13.post_attention_norm.weight    - [  4096,      1,      1,      1], type =    f32, size =    0.016 MiB
[ 184/ 427] blk.13.ssm_a                         - [    32,      1,      1,      1], type =    f32, size =    0.000 MiB
[ 185/ 427] blk.13.ssm_alpha.weight              - [  4096,     32,      1,      1], type =   bf16, converting to q6_K .. size =     0.25 MiB ->     0.10 MiB
[ 186/ 427] blk.13.ssm_beta.weight               - [  4096,     32,      1,      1], type =   bf16, converting to q6_K .. size =     0.25 MiB ->     0.10 MiB
[ 187/ 427] blk.13.ssm_conv1d.weight             - [     4,   8192,      1,      1], type =    f32, size =    0.125 MiB
[ 188/ 427] blk.13.ssm_dt.bias                   - [    32,      1,      1,      1], type =    f32, size =    0.000 MiB
[ 189/ 427] blk.13.ssm_norm.weight               - [   128,      1,      1,      1], type =    f32, size =    0.000 MiB
[ 190/ 427] blk.13.ssm_out.weight                - [  4096,   4096,      1,      1], type =   bf16, converting to q6_K .. size =    32.00 MiB ->    13.12 MiB
[ 191/ 427] blk.14.attn_gate.weight              - [  4096,   4096,      1,      1], type =   bf16, converting to q6_K .. size =    32.00 MiB ->    13.12 MiB
[ 192/ 427] blk.14.attn_norm.weight              - [  4096,      1,      1,      1], type =    f32, size =    0.016 MiB
[ 193/ 427] blk.14.attn_qkv.weight               - [  4096,   8192,      1,      1], type =   bf16, converting to q6_K .. size =    64.00 MiB ->    26.25 MiB
[ 194/ 427] blk.14.ffn_down.weight               - [ 12288,   4096,      1,      1], type =   bf16, converting to q6_K .. size =    96.00 MiB ->    39.38 MiB
[ 195/ 427] blk.14.ffn_gate.weight               - [  4096,  12288,      1,      1], type =   bf16, converting to q6_K .. size =    96.00 MiB ->    39.38 MiB
[ 196/ 427] blk.14.ffn_up.weight                 - [  4096,  12288,      1,      1], type =   bf16, converting to q6_K .. size =    96.00 MiB ->    39.38 MiB
[ 197/ 427] blk.14.post_attention_norm.weight    - [  4096,      1,      1,      1], type =    f32, size =    0.016 MiB
[ 198/ 427] blk.14.ssm_a                         - [    32,      1,      1,      1], type =    f32, size =    0.000 MiB
[ 199/ 427] blk.14.ssm_alpha.weight              - [  4096,     32,      1,      1], type =   bf16, converting to q6_K .. size =     0.25 MiB ->     0.10 MiB
[ 200/ 427] blk.14.ssm_beta.weight               - [  4096,     32,      1,      1], type =   bf16, converting to q6_K .. size =     0.25 MiB ->     0.10 MiB
[ 201/ 427] blk.14.ssm_conv1d.weight             - [     4,   8192,      1,      1], type =    f32, size =    0.125 MiB
[ 202/ 427] blk.14.ssm_dt.bias                   - [    32,      1,      1,      1], type =    f32, size =    0.000 MiB
[ 203/ 427] blk.14.ssm_norm.weight               - [   128,      1,      1,      1], type =    f32, size =    0.000 MiB
[ 204/ 427] blk.14.ssm_out.weight                - [  4096,   4096,      1,      1], type =   bf16, converting to q6_K .. size =    32.00 MiB ->    13.12 MiB
[ 205/ 427] blk.15.attn_k.weight                 - [  4096,   1024,      1,      1], type =   bf16, converting to q6_K .. size =     8.00 MiB ->     3.28 MiB
[ 206/ 427] blk.15.attn_k_norm.weight            - [   256,      1,      1,      1], type =    f32, size =    0.001 MiB
[ 207/ 427] blk.15.attn_norm.weight              - [  4096,      1,      1,      1], type =    f32, size =    0.016 MiB
[ 208/ 427] blk.15.attn_output.weight            - [  4096,   4096,      1,      1], type =   bf16, converting to q6_K .. size =    32.00 MiB ->    13.12 MiB
[ 209/ 427] blk.15.attn_q.weight                 - [  4096,   8192,      1,      1], type =   bf16, converting to q6_K .. size =    64.00 MiB ->    26.25 MiB
[ 210/ 427] blk.15.attn_q_norm.weight            - [   256,      1,      1,      1], type =    f32, size =    0.001 MiB
[ 211/ 427] blk.15.attn_v.weight                 - [  4096,   1024,      1,      1], type =   bf16, converting to q6_K .. size =     8.00 MiB ->     3.28 MiB
[ 212/ 427] blk.15.ffn_down.weight               - [ 12288,   4096,      1,      1], type =   bf16, converting to q6_K .. size =    96.00 MiB ->    39.38 MiB
[ 213/ 427] blk.15.ffn_gate.weight               - [  4096,  12288,      1,      1], type =   bf16, converting to q6_K .. size =    96.00 MiB ->    39.38 MiB
[ 214/ 427] blk.15.ffn_up.weight                 - [  4096,  12288,      1,      1], type =   bf16, converting to q6_K .. size =    96.00 MiB ->    39.38 MiB
[ 215/ 427] blk.15.post_attention_norm.weight    - [  4096,      1,      1,      1], type =    f32, size =    0.016 MiB
[ 216/ 427] blk.16.attn_gate.weight              - [  4096,   4096,      1,      1], type =   bf16, converting to q6_K .. size =    32.00 MiB ->    13.12 MiB
[ 217/ 427] blk.16.attn_norm.weight              - [  4096,      1,      1,      1], type =    f32, size =    0.016 MiB
[ 218/ 427] blk.16.attn_qkv.weight               - [  4096,   8192,      1,      1], type =   bf16, converting to q6_K .. size =    64.00 MiB ->    26.25 MiB
[ 219/ 427] blk.16.ffn_down.weight               - [ 12288,   4096,      1,      1], type =   bf16, converting to q6_K .. size =    96.00 MiB ->    39.38 MiB
[ 220/ 427] blk.16.ffn_gate.weight               - [  4096,  12288,      1,      1], type =   bf16, converting to q6_K .. size =    96.00 MiB ->    39.38 MiB
[ 221/ 427] blk.16.ffn_up.weight                 - [  4096,  12288,      1,      1], type =   bf16, converting to q6_K .. size =    96.00 MiB ->    39.38 MiB
[ 222/ 427] blk.16.post_attention_norm.weight    - [  4096,      1,      1,      1], type =    f32, size =    0.016 MiB
[ 223/ 427] blk.16.ssm_a                         - [    32,      1,      1,      1], type =    f32, size =    0.000 MiB
[ 224/ 427] blk.16.ssm_alpha.weight              - [  4096,     32,      1,      1], type =   bf16, converting to q6_K .. size =     0.25 MiB ->     0.10 MiB
[ 225/ 427] blk.16.ssm_beta.weight               - [  4096,     32,      1,      1], type =   bf16, converting to q6_K .. size =     0.25 MiB ->     0.10 MiB
[ 226/ 427] blk.16.ssm_conv1d.weight             - [     4,   8192,      1,      1], type =    f32, size =    0.125 MiB
[ 227/ 427] blk.16.ssm_dt.bias                   - [    32,      1,      1,      1], type =    f32, size =    0.000 MiB
[ 228/ 427] blk.16.ssm_norm.weight               - [   128,      1,      1,      1], type =    f32, size =    0.000 MiB
[ 229/ 427] blk.16.ssm_out.weight                - [  4096,   4096,      1,      1], type =   bf16, converting to q6_K .. size =    32.00 MiB ->    13.12 MiB
[ 230/ 427] blk.17.attn_gate.weight              - [  4096,   4096,      1,      1], type =   bf16, converting to q6_K .. size =    32.00 MiB ->    13.12 MiB
[ 231/ 427] blk.17.attn_norm.weight              - [  4096,      1,      1,      1], type =    f32, size =    0.016 MiB
[ 232/ 427] blk.17.attn_qkv.weight               - [  4096,   8192,      1,      1], type =   bf16, converting to q6_K .. size =    64.00 MiB ->    26.25 MiB
[ 233/ 427] blk.17.ffn_down.weight               - [ 12288,   4096,      1,      1], type =   bf16, converting to q6_K .. size =    96.00 MiB ->    39.38 MiB
[ 234/ 427] blk.17.ffn_gate.weight               - [  4096,  12288,      1,      1], type =   bf16, converting to q6_K .. size =    96.00 MiB ->    39.38 MiB
[ 235/ 427] blk.17.ffn_up.weight                 - [  4096,  12288,      1,      1], type =   bf16, converting to q6_K .. size =    96.00 MiB ->    39.38 MiB
[ 236/ 427] blk.17.post_attention_norm.weight    - [  4096,      1,      1,      1], type =    f32, size =    0.016 MiB
[ 237/ 427] blk.17.ssm_a                         - [    32,      1,      1,      1], type =    f32, size =    0.000 MiB
[ 238/ 427] blk.17.ssm_alpha.weight              - [  4096,     32,      1,      1], type =   bf16, converting to q6_K .. size =     0.25 MiB ->     0.10 MiB
[ 239/ 427] blk.17.ssm_beta.weight               - [  4096,     32,      1,      1], type =   bf16, converting to q6_K .. size =     0.25 MiB ->     0.10 MiB
[ 240/ 427] blk.17.ssm_conv1d.weight             - [     4,   8192,      1,      1], type =    f32, size =    0.125 MiB
[ 241/ 427] blk.17.ssm_dt.bias                   - [    32,      1,      1,      1], type =    f32, size =    0.000 MiB
[ 242/ 427] blk.17.ssm_norm.weight               - [   128,      1,      1,      1], type =    f32, size =    0.000 MiB
[ 243/ 427] blk.17.ssm_out.weight                - [  4096,   4096,      1,      1], type =   bf16, converting to q6_K .. size =    32.00 MiB ->    13.12 MiB
[ 244/ 427] blk.18.attn_gate.weight              - [  4096,   4096,      1,      1], type =   bf16, converting to q6_K .. size =    32.00 MiB ->    13.12 MiB
[ 245/ 427] blk.18.attn_norm.weight              - [  4096,      1,      1,      1], type =    f32, size =    0.016 MiB
[ 246/ 427] blk.18.attn_qkv.weight               - [  4096,   8192,      1,      1], type =   bf16, converting to q6_K .. size =    64.00 MiB ->    26.25 MiB
[ 247/ 427] blk.18.ffn_down.weight               - [ 12288,   4096,      1,      1], type =   bf16, converting to q6_K .. size =    96.00 MiB ->    39.38 MiB
[ 248/ 427] blk.18.ffn_gate.weight               - [  4096,  12288,      1,      1], type =   bf16, converting to q6_K .. size =    96.00 MiB ->    39.38 MiB
[ 249/ 427] blk.18.ffn_up.weight                 - [  4096,  12288,      1,      1], type =   bf16, converting to q6_K .. size =    96.00 MiB ->    39.38 MiB
[ 250/ 427] blk.18.post_attention_norm.weight    - [  4096,      1,      1,      1], type =    f32, size =    0.016 MiB
[ 251/ 427] blk.18.ssm_a                         - [    32,      1,      1,      1], type =    f32, size =    0.000 MiB
[ 252/ 427] blk.18.ssm_alpha.weight              - [  4096,     32,      1,      1], type =   bf16, converting to q6_K .. size =     0.25 MiB ->     0.10 MiB
[ 253/ 427] blk.18.ssm_beta.weight               - [  4096,     32,      1,      1], type =   bf16, converting to q6_K .. size =     0.25 MiB ->     0.10 MiB
[ 254/ 427] blk.18.ssm_conv1d.weight             - [     4,   8192,      1,      1], type =    f32, size =    0.125 MiB
[ 255/ 427] blk.18.ssm_dt.bias                   - [    32,      1,      1,      1], type =    f32, size =    0.000 MiB
[ 256/ 427] blk.18.ssm_norm.weight               - [   128,      1,      1,      1], type =    f32, size =    0.000 MiB
[ 257/ 427] blk.18.ssm_out.weight                - [  4096,   4096,      1,      1], type =   bf16, converting to q6_K .. size =    32.00 MiB ->    13.12 MiB
[ 258/ 427] blk.19.attn_k.weight                 - [  4096,   1024,      1,      1], type =   bf16, converting to q6_K .. size =     8.00 MiB ->     3.28 MiB
[ 259/ 427] blk.19.attn_k_norm.weight            - [   256,      1,      1,      1], type =    f32, size =    0.001 MiB
[ 260/ 427] blk.19.attn_norm.weight              - [  4096,      1,      1,      1], type =    f32, size =    0.016 MiB
[ 261/ 427] blk.19.attn_output.weight            - [  4096,   4096,      1,      1], type =   bf16, converting to q6_K .. size =    32.00 MiB ->    13.12 MiB
[ 262/ 427] blk.19.attn_q.weight                 - [  4096,   8192,      1,      1], type =   bf16, converting to q6_K .. size =    64.00 MiB ->    26.25 MiB
[ 263/ 427] blk.19.attn_q_norm.weight            - [   256,      1,      1,      1], type =    f32, size =    0.001 MiB
[ 264/ 427] blk.19.attn_v.weight                 - [  4096,   1024,      1,      1], type =   bf16, converting to q6_K .. size =     8.00 MiB ->     3.28 MiB
[ 265/ 427] blk.19.ffn_down.weight               - [ 12288,   4096,      1,      1], type =   bf16, converting to q6_K .. size =    96.00 MiB ->    39.38 MiB
[ 266/ 427] blk.19.ffn_gate.weight               - [  4096,  12288,      1,      1], type =   bf16, converting to q6_K .. size =    96.00 MiB ->    39.38 MiB
[ 267/ 427] blk.19.ffn_up.weight                 - [  4096,  12288,      1,      1], type =   bf16, converting to q6_K .. size =    96.00 MiB ->    39.38 MiB
[ 268/ 427] blk.19.post_attention_norm.weight    - [  4096,      1,      1,      1], type =    f32, size =    0.016 MiB
[ 269/ 427] blk.20.attn_gate.weight              - [  4096,   4096,      1,      1], type =   bf16, converting to q6_K .. size =    32.00 MiB ->    13.12 MiB
[ 270/ 427] blk.20.attn_norm.weight              - [  4096,      1,      1,      1], type =    f32, size =    0.016 MiB
[ 271/ 427] blk.20.attn_qkv.weight               - [  4096,   8192,      1,      1], type =   bf16, converting to q6_K .. size =    64.00 MiB ->    26.25 MiB
[ 272/ 427] blk.20.ffn_down.weight               - [ 12288,   4096,      1,      1], type =   bf16, converting to q6_K .. size =    96.00 MiB ->    39.38 MiB
[ 273/ 427] blk.20.ffn_gate.weight               - [  4096,  12288,      1,      1], type =   bf16, converting to q6_K .. size =    96.00 MiB ->    39.38 MiB
[ 274/ 427] blk.20.ffn_up.weight                 - [  4096,  12288,      1,      1], type =   bf16, converting to q6_K .. size =    96.00 MiB ->    39.38 MiB
[ 275/ 427] blk.20.post_attention_norm.weight    - [  4096,      1,      1,      1], type =    f32, size =    0.016 MiB
[ 276/ 427] blk.20.ssm_a                         - [    32,      1,      1,      1], type =    f32, size =    0.000 MiB
[ 277/ 427] blk.20.ssm_alpha.weight              - [  4096,     32,      1,      1], type =   bf16, converting to q6_K .. size =     0.25 MiB ->     0.10 MiB
[ 278/ 427] blk.20.ssm_beta.weight               - [  4096,     32,      1,      1], type =   bf16, converting to q6_K .. size =     0.25 MiB ->     0.10 MiB
[ 279/ 427] blk.20.ssm_conv1d.weight             - [     4,   8192,      1,      1], type =    f32, size =    0.125 MiB
[ 280/ 427] blk.20.ssm_dt.bias                   - [    32,      1,      1,      1], type =    f32, size =    0.000 MiB
[ 281/ 427] blk.20.ssm_norm.weight               - [   128,      1,      1,      1], type =    f32, size =    0.000 MiB
[ 282/ 427] blk.20.ssm_out.weight                - [  4096,   4096,      1,      1], type =   bf16, converting to q6_K .. size =    32.00 MiB ->    13.12 MiB
[ 283/ 427] blk.21.attn_gate.weight              - [  4096,   4096,      1,      1], type =   bf16, converting to q6_K .. size =    32.00 MiB ->    13.12 MiB
[ 284/ 427] blk.21.attn_norm.weight              - [  4096,      1,      1,      1], type =    f32, size =    0.016 MiB
[ 285/ 427] blk.21.attn_qkv.weight               - [  4096,   8192,      1,      1], type =   bf16, converting to q6_K .. size =    64.00 MiB ->    26.25 MiB
[ 286/ 427] blk.21.ffn_down.weight               - [ 12288,   4096,      1,      1], type =   bf16, converting to q6_K .. size =    96.00 MiB ->    39.38 MiB
[ 287/ 427] blk.21.ffn_gate.weight               - [  4096,  12288,      1,      1], type =   bf16, converting to q6_K .. size =    96.00 MiB ->    39.38 MiB
[ 288/ 427] blk.21.ffn_up.weight                 - [  4096,  12288,      1,      1], type =   bf16, converting to q6_K .. size =    96.00 MiB ->    39.38 MiB
[ 289/ 427] blk.21.post_attention_norm.weight    - [  4096,      1,      1,      1], type =    f32, size =    0.016 MiB
[ 290/ 427] blk.21.ssm_a                         - [    32,      1,      1,      1], type =    f32, size =    0.000 MiB
[ 291/ 427] blk.21.ssm_alpha.weight              - [  4096,     32,      1,      1], type =   bf16, converting to q6_K .. size =     0.25 MiB ->     0.10 MiB
[ 292/ 427] blk.21.ssm_beta.weight               - [  4096,     32,      1,      1], type =   bf16, converting to q6_K .. size =     0.25 MiB ->     0.10 MiB
[ 293/ 427] blk.21.ssm_conv1d.weight             - [     4,   8192,      1,      1], type =    f32, size =    0.125 MiB
[ 294/ 427] blk.21.ssm_dt.bias                   - [    32,      1,      1,      1], type =    f32, size =    0.000 MiB
[ 295/ 427] blk.21.ssm_norm.weight               - [   128,      1,      1,      1], type =    f32, size =    0.000 MiB
[ 296/ 427] blk.21.ssm_out.weight                - [  4096,   4096,      1,      1], type =   bf16, converting to q6_K .. size =    32.00 MiB ->    13.12 MiB
[ 297/ 427] blk.22.attn_gate.weight              - [  4096,   4096,      1,      1], type =   bf16, converting to q6_K .. size =    32.00 MiB ->    13.12 MiB
[ 298/ 427] blk.22.attn_norm.weight              - [  4096,      1,      1,      1], type =    f32, size =    0.016 MiB
[ 299/ 427] blk.22.attn_qkv.weight               - [  4096,   8192,      1,      1], type =   bf16, converting to q6_K .. size =    64.00 MiB ->    26.25 MiB
[ 300/ 427] blk.22.ffn_down.weight               - [ 12288,   4096,      1,      1], type =   bf16, converting to q6_K .. size =    96.00 MiB ->    39.38 MiB
[ 301/ 427] blk.22.ffn_gate.weight               - [  4096,  12288,      1,      1], type =   bf16, converting to q6_K .. size =    96.00 MiB ->    39.38 MiB
[ 302/ 427] blk.22.ffn_up.weight                 - [  4096,  12288,      1,      1], type =   bf16, converting to q6_K .. size =    96.00 MiB ->    39.38 MiB
[ 303/ 427] blk.22.post_attention_norm.weight    - [  4096,      1,      1,      1], type =    f32, size =    0.016 MiB
[ 304/ 427] blk.22.ssm_a                         - [    32,      1,      1,      1], type =    f32, size =    0.000 MiB
[ 305/ 427] blk.22.ssm_alpha.weight              - [  4096,     32,      1,      1], type =   bf16, converting to q6_K .. size =     0.25 MiB ->     0.10 MiB
[ 306/ 427] blk.22.ssm_beta.weight               - [  4096,     32,      1,      1], type =   bf16, converting to q6_K .. size =     0.25 MiB ->     0.10 MiB
[ 307/ 427] blk.22.ssm_conv1d.weight             - [     4,   8192,      1,      1], type =    f32, size =    0.125 MiB
[ 308/ 427] blk.22.ssm_dt.bias                   - [    32,      1,      1,      1], type =    f32, size =    0.000 MiB
[ 309/ 427] blk.22.ssm_norm.weight               - [   128,      1,      1,      1], type =    f32, size =    0.000 MiB
[ 310/ 427] blk.22.ssm_out.weight                - [  4096,   4096,      1,      1], type =   bf16, converting to q6_K .. size =    32.00 MiB ->    13.12 MiB
[ 311/ 427] blk.23.attn_k.weight                 - [  4096,   1024,      1,      1], type =   bf16, converting to q6_K .. size =     8.00 MiB ->     3.28 MiB
[ 312/ 427] blk.23.attn_k_norm.weight            - [   256,      1,      1,      1], type =    f32, size =    0.001 MiB
[ 313/ 427] blk.23.attn_norm.weight              - [  4096,      1,      1,      1], type =    f32, size =    0.016 MiB
[ 314/ 427] blk.23.attn_output.weight            - [  4096,   4096,      1,      1], type =   bf16, converting to q6_K .. size =    32.00 MiB ->    13.12 MiB
[ 315/ 427] blk.23.attn_q.weight                 - [  4096,   8192,      1,      1], type =   bf16, converting to q6_K .. size =    64.00 MiB ->    26.25 MiB
[ 316/ 427] blk.23.attn_q_norm.weight            - [   256,      1,      1,      1], type =    f32, size =    0.001 MiB
[ 317/ 427] blk.23.attn_v.weight                 - [  4096,   1024,      1,      1], type =   bf16, converting to q6_K .. size =     8.00 MiB ->     3.28 MiB
[ 318/ 427] blk.23.ffn_down.weight               - [ 12288,   4096,      1,      1], type =   bf16, converting to q6_K .. size =    96.00 MiB ->    39.38 MiB
[ 319/ 427] blk.23.ffn_gate.weight               - [  4096,  12288,      1,      1], type =   bf16, converting to q6_K .. size =    96.00 MiB ->    39.38 MiB
[ 320/ 427] blk.23.ffn_up.weight                 - [  4096,  12288,      1,      1], type =   bf16, converting to q6_K .. size =    96.00 MiB ->    39.38 MiB
[ 321/ 427] blk.23.post_attention_norm.weight    - [  4096,      1,      1,      1], type =    f32, size =    0.016 MiB
[ 322/ 427] blk.24.attn_gate.weight              - [  4096,   4096,      1,      1], type =   bf16, converting to q6_K .. size =    32.00 MiB ->    13.12 MiB
[ 323/ 427] blk.24.attn_norm.weight              - [  4096,      1,      1,      1], type =    f32, size =    0.016 MiB
[ 324/ 427] blk.24.attn_qkv.weight               - [  4096,   8192,      1,      1], type =   bf16, converting to q6_K .. size =    64.00 MiB ->    26.25 MiB
[ 325/ 427] blk.24.ffn_down.weight               - [ 12288,   4096,      1,      1], type =   bf16, converting to q6_K .. size =    96.00 MiB ->    39.38 MiB
[ 326/ 427] blk.24.ffn_gate.weight               - [  4096,  12288,      1,      1], type =   bf16, converting to q6_K .. size =    96.00 MiB ->    39.38 MiB
[ 327/ 427] blk.24.ffn_up.weight                 - [  4096,  12288,      1,      1], type =   bf16, converting to q6_K .. size =    96.00 MiB ->    39.38 MiB
[ 328/ 427] blk.24.post_attention_norm.weight    - [  4096,      1,      1,      1], type =    f32, size =    0.016 MiB
[ 329/ 427] blk.24.ssm_a                         - [    32,      1,      1,      1], type =    f32, size =    0.000 MiB
[ 330/ 427] blk.24.ssm_alpha.weight              - [  4096,     32,      1,      1], type =   bf16, converting to q6_K .. size =     0.25 MiB ->     0.10 MiB
[ 331/ 427] blk.24.ssm_beta.weight               - [  4096,     32,      1,      1], type =   bf16, converting to q6_K .. size =     0.25 MiB ->     0.10 MiB
[ 332/ 427] blk.24.ssm_conv1d.weight             - [     4,   8192,      1,      1], type =    f32, size =    0.125 MiB
[ 333/ 427] blk.24.ssm_dt.bias                   - [    32,      1,      1,      1], type =    f32, size =    0.000 MiB
[ 334/ 427] blk.24.ssm_norm.weight               - [   128,      1,      1,      1], type =    f32, size =    0.000 MiB
[ 335/ 427] blk.24.ssm_out.weight                - [  4096,   4096,      1,      1], type =   bf16, converting to q6_K .. size =    32.00 MiB ->    13.12 MiB
[ 336/ 427] blk.25.attn_gate.weight              - [  4096,   4096,      1,      1], type =   bf16, converting to q6_K .. size =    32.00 MiB ->    13.12 MiB
[ 337/ 427] blk.25.attn_norm.weight              - [  4096,      1,      1,      1], type =    f32, size =    0.016 MiB
[ 338/ 427] blk.25.attn_qkv.weight               - [  4096,   8192,      1,      1], type =   bf16, converting to q6_K .. size =    64.00 MiB ->    26.25 MiB
[ 339/ 427] blk.25.ffn_down.weight               - [ 12288,   4096,      1,      1], type =   bf16, converting to q6_K .. size =    96.00 MiB ->    39.38 MiB
[ 340/ 427] blk.25.ffn_gate.weight               - [  4096,  12288,      1,      1], type =   bf16, converting to q6_K .. size =    96.00 MiB ->    39.38 MiB
[ 341/ 427] blk.25.ffn_up.weight                 - [  4096,  12288,      1,      1], type =   bf16, converting to q6_K .. size =    96.00 MiB ->    39.38 MiB
[ 342/ 427] blk.25.post_attention_norm.weight    - [  4096,      1,      1,      1], type =    f32, size =    0.016 MiB
[ 343/ 427] blk.25.ssm_a                         - [    32,      1,      1,      1], type =    f32, size =    0.000 MiB
[ 344/ 427] blk.25.ssm_alpha.weight              - [  4096,     32,      1,      1], type =   bf16, converting to q6_K .. size =     0.25 MiB ->     0.10 MiB
[ 345/ 427] blk.25.ssm_beta.weight               - [  4096,     32,      1,      1], type =   bf16, converting to q6_K .. size =     0.25 MiB ->     0.10 MiB
[ 346/ 427] blk.25.ssm_conv1d.weight             - [     4,   8192,      1,      1], type =    f32, size =    0.125 MiB
[ 347/ 427] blk.25.ssm_dt.bias                   - [    32,      1,      1,      1], type =    f32, size =    0.000 MiB
[ 348/ 427] blk.25.ssm_norm.weight               - [   128,      1,      1,      1], type =    f32, size =    0.000 MiB
[ 349/ 427] blk.25.ssm_out.weight                - [  4096,   4096,      1,      1], type =   bf16, converting to q6_K .. size =    32.00 MiB ->    13.12 MiB
[ 350/ 427] blk.26.attn_gate.weight              - [  4096,   4096,      1,      1], type =   bf16, converting to q6_K .. size =    32.00 MiB ->    13.12 MiB
[ 351/ 427] blk.26.attn_norm.weight              - [  4096,      1,      1,      1], type =    f32, size =    0.016 MiB
[ 352/ 427] blk.26.attn_qkv.weight               - [  4096,   8192,      1,      1], type =   bf16, converting to q6_K .. size =    64.00 MiB ->    26.25 MiB
[ 353/ 427] blk.26.ffn_down.weight               - [ 12288,   4096,      1,      1], type =   bf16, converting to q6_K .. size =    96.00 MiB ->    39.38 MiB
[ 354/ 427] blk.26.ffn_gate.weight               - [  4096,  12288,      1,      1], type =   bf16, converting to q6_K .. size =    96.00 MiB ->    39.38 MiB
[ 355/ 427] blk.26.ffn_up.weight                 - [  4096,  12288,      1,      1], type =   bf16, converting to q6_K .. size =    96.00 MiB ->    39.38 MiB
[ 356/ 427] blk.26.post_attention_norm.weight    - [  4096,      1,      1,      1], type =    f32, size =    0.016 MiB
[ 357/ 427] blk.26.ssm_a                         - [    32,      1,      1,      1], type =    f32, size =    0.000 MiB
[ 358/ 427] blk.26.ssm_alpha.weight              - [  4096,     32,      1,      1], type =   bf16, converting to q6_K .. size =     0.25 MiB ->     0.10 MiB
[ 359/ 427] blk.26.ssm_beta.weight               - [  4096,     32,      1,      1], type =   bf16, converting to q6_K .. size =     0.25 MiB ->     0.10 MiB
[ 360/ 427] blk.26.ssm_conv1d.weight             - [     4,   8192,      1,      1], type =    f32, size =    0.125 MiB
[ 361/ 427] blk.26.ssm_dt.bias                   - [    32,      1,      1,      1], type =    f32, size =    0.000 MiB
[ 362/ 427] blk.26.ssm_norm.weight               - [   128,      1,      1,      1], type =    f32, size =    0.000 MiB
[ 363/ 427] blk.26.ssm_out.weight                - [  4096,   4096,      1,      1], type =   bf16, converting to q6_K .. size =    32.00 MiB ->    13.12 MiB
[ 364/ 427] blk.27.attn_k.weight                 - [  4096,   1024,      1,      1], type =   bf16, converting to q6_K .. size =     8.00 MiB ->     3.28 MiB
[ 365/ 427] blk.27.attn_k_norm.weight            - [   256,      1,      1,      1], type =    f32, size =    0.001 MiB
[ 366/ 427] blk.27.attn_norm.weight              - [  4096,      1,      1,      1], type =    f32, size =    0.016 MiB
[ 367/ 427] blk.27.attn_output.weight            - [  4096,   4096,      1,      1], type =   bf16, converting to q6_K .. size =    32.00 MiB ->    13.12 MiB
[ 368/ 427] blk.27.attn_q.weight                 - [  4096,   8192,      1,      1], type =   bf16, converting to q6_K .. size =    64.00 MiB ->    26.25 MiB
[ 369/ 427] blk.27.attn_q_norm.weight            - [   256,      1,      1,      1], type =    f32, size =    0.001 MiB
[ 370/ 427] blk.27.attn_v.weight                 - [  4096,   1024,      1,      1], type =   bf16, converting to q6_K .. size =     8.00 MiB ->     3.28 MiB
[ 371/ 427] blk.27.ffn_down.weight               - [ 12288,   4096,      1,      1], type =   bf16, converting to q6_K .. size =    96.00 MiB ->    39.38 MiB
[ 372/ 427] blk.27.ffn_gate.weight               - [  4096,  12288,      1,      1], type =   bf16, converting to q6_K .. size =    96.00 MiB ->    39.38 MiB
[ 373/ 427] blk.27.ffn_up.weight                 - [  4096,  12288,      1,      1], type =   bf16, converting to q6_K .. size =    96.00 MiB ->    39.38 MiB
[ 374/ 427] blk.27.post_attention_norm.weight    - [  4096,      1,      1,      1], type =    f32, size =    0.016 MiB
[ 375/ 427] blk.28.attn_gate.weight              - [  4096,   4096,      1,      1], type =   bf16, converting to q6_K .. size =    32.00 MiB ->    13.12 MiB
[ 376/ 427] blk.28.attn_norm.weight              - [  4096,      1,      1,      1], type =    f32, size =    0.016 MiB
[ 377/ 427] blk.28.attn_qkv.weight               - [  4096,   8192,      1,      1], type =   bf16, converting to q6_K .. size =    64.00 MiB ->    26.25 MiB
[ 378/ 427] blk.28.ffn_down.weight               - [ 12288,   4096,      1,      1], type =   bf16, converting to q6_K .. size =    96.00 MiB ->    39.38 MiB
[ 379/ 427] blk.28.ffn_gate.weight               - [  4096,  12288,      1,      1], type =   bf16, converting to q6_K .. size =    96.00 MiB ->    39.38 MiB
[ 380/ 427] blk.28.ffn_up.weight                 - [  4096,  12288,      1,      1], type =   bf16, converting to q6_K .. size =    96.00 MiB ->    39.38 MiB
[ 381/ 427] blk.28.post_attention_norm.weight    - [  4096,      1,      1,      1], type =    f32, size =    0.016 MiB
[ 382/ 427] blk.28.ssm_a                         - [    32,      1,      1,      1], type =    f32, size =    0.000 MiB
[ 383/ 427] blk.28.ssm_alpha.weight              - [  4096,     32,      1,      1], type =   bf16, converting to q6_K .. size =     0.25 MiB ->     0.10 MiB
[ 384/ 427] blk.28.ssm_beta.weight               - [  4096,     32,      1,      1], type =   bf16, converting to q6_K .. size =     0.25 MiB ->     0.10 MiB
[ 385/ 427] blk.28.ssm_conv1d.weight             - [     4,   8192,      1,      1], type =    f32, size =    0.125 MiB
[ 386/ 427] blk.28.ssm_dt.bias                   - [    32,      1,      1,      1], type =    f32, size =    0.000 MiB
[ 387/ 427] blk.28.ssm_norm.weight               - [   128,      1,      1,      1], type =    f32, size =    0.000 MiB
[ 388/ 427] blk.28.ssm_out.weight                - [  4096,   4096,      1,      1], type =   bf16, converting to q6_K .. size =    32.00 MiB ->    13.12 MiB
[ 389/ 427] blk.29.attn_gate.weight              - [  4096,   4096,      1,      1], type =   bf16, converting to q6_K .. size =    32.00 MiB ->    13.12 MiB
[ 390/ 427] blk.29.attn_norm.weight              - [  4096,      1,      1,      1], type =    f32, size =    0.016 MiB
[ 391/ 427] blk.29.attn_qkv.weight               - [  4096,   8192,      1,      1], type =   bf16, converting to q6_K .. size =    64.00 MiB ->    26.25 MiB
[ 392/ 427] blk.29.ffn_down.weight               - [ 12288,   4096,      1,      1], type =   bf16, converting to q6_K .. size =    96.00 MiB ->    39.38 MiB
[ 393/ 427] blk.29.ffn_gate.weight               - [  4096,  12288,      1,      1], type =   bf16, converting to q6_K .. size =    96.00 MiB ->    39.38 MiB
[ 394/ 427] blk.29.ffn_up.weight                 - [  4096,  12288,      1,      1], type =   bf16, converting to q6_K .. size =    96.00 MiB ->    39.38 MiB
[ 395/ 427] blk.29.post_attention_norm.weight    - [  4096,      1,      1,      1], type =    f32, size =    0.016 MiB
[ 396/ 427] blk.29.ssm_a                         - [    32,      1,      1,      1], type =    f32, size =    0.000 MiB
[ 397/ 427] blk.29.ssm_alpha.weight              - [  4096,     32,      1,      1], type =   bf16, converting to q6_K .. size =     0.25 MiB ->     0.10 MiB
[ 398/ 427] blk.29.ssm_beta.weight               - [  4096,     32,      1,      1], type =   bf16, converting to q6_K .. size =     0.25 MiB ->     0.10 MiB
[ 399/ 427] blk.29.ssm_conv1d.weight             - [     4,   8192,      1,      1], type =    f32, size =    0.125 MiB
[ 400/ 427] blk.29.ssm_dt.bias                   - [    32,      1,      1,      1], type =    f32, size =    0.000 MiB
[ 401/ 427] blk.29.ssm_norm.weight               - [   128,      1,      1,      1], type =    f32, size =    0.000 MiB
[ 402/ 427] blk.29.ssm_out.weight                - [  4096,   4096,      1,      1], type =   bf16, converting to q6_K .. size =    32.00 MiB ->    13.12 MiB
[ 403/ 427] blk.30.attn_gate.weight              - [  4096,   4096,      1,      1], type =   bf16, converting to q6_K .. size =    32.00 MiB ->    13.12 MiB
[ 404/ 427] blk.30.attn_norm.weight              - [  4096,      1,      1,      1], type =    f32, size =    0.016 MiB
[ 405/ 427] blk.30.attn_qkv.weight               - [  4096,   8192,      1,      1], type =   bf16, converting to q6_K .. size =    64.00 MiB ->    26.25 MiB
[ 406/ 427] blk.30.ffn_down.weight               - [ 12288,   4096,      1,      1], type =   bf16, converting to q6_K .. size =    96.00 MiB ->    39.38 MiB
[ 407/ 427] blk.30.ffn_gate.weight               - [  4096,  12288,      1,      1], type =   bf16, converting to q6_K .. size =    96.00 MiB ->    39.38 MiB
[ 408/ 427] blk.30.ffn_up.weight                 - [  4096,  12288,      1,      1], type =   bf16, converting to q6_K .. size =    96.00 MiB ->    39.38 MiB
[ 409/ 427] blk.30.post_attention_norm.weight    - [  4096,      1,      1,      1], type =    f32, size =    0.016 MiB
[ 410/ 427] blk.30.ssm_a                         - [    32,      1,      1,      1], type =    f32, size =    0.000 MiB
[ 411/ 427] blk.30.ssm_alpha.weight              - [  4096,     32,      1,      1], type =   bf16, converting to q6_K .. size =     0.25 MiB ->     0.10 MiB
[ 412/ 427] blk.30.ssm_beta.weight               - [  4096,     32,      1,      1], type =   bf16, converting to q6_K .. size =     0.25 MiB ->     0.10 MiB
[ 413/ 427] blk.30.ssm_conv1d.weight             - [     4,   8192,      1,      1], type =    f32, size =    0.125 MiB
[ 414/ 427] blk.30.ssm_dt.bias                   - [    32,      1,      1,      1], type =    f32, size =    0.000 MiB
[ 415/ 427] blk.30.ssm_norm.weight               - [   128,      1,      1,      1], type =    f32, size =    0.000 MiB
[ 416/ 427] blk.30.ssm_out.weight                - [  4096,   4096,      1,      1], type =   bf16, converting to q6_K .. size =    32.00 MiB ->    13.12 MiB
[ 417/ 427] blk.31.attn_k.weight                 - [  4096,   1024,      1,      1], type =   bf16, converting to q6_K .. size =     8.00 MiB ->     3.28 MiB
[ 418/ 427] blk.31.attn_k_norm.weight            - [   256,      1,      1,      1], type =    f32, size =    0.001 MiB
[ 419/ 427] blk.31.attn_norm.weight              - [  4096,      1,      1,      1], type =    f32, size =    0.016 MiB
[ 420/ 427] blk.31.attn_output.weight            - [  4096,   4096,      1,      1], type =   bf16, converting to q6_K .. size =    32.00 MiB ->    13.12 MiB
[ 421/ 427] blk.31.attn_q.weight                 - [  4096,   8192,      1,      1], type =   bf16, converting to q6_K .. size =    64.00 MiB ->    26.25 MiB
[ 422/ 427] blk.31.attn_q_norm.weight            - [   256,      1,      1,      1], type =    f32, size =    0.001 MiB
[ 423/ 427] blk.31.attn_v.weight                 - [  4096,   1024,      1,      1], type =   bf16, converting to q6_K .. size =     8.00 MiB ->     3.28 MiB
[ 424/ 427] blk.31.ffn_down.weight               - [ 12288,   4096,      1,      1], type =   bf16, converting to q6_K .. size =    96.00 MiB ->    39.38 MiB
[ 425/ 427] blk.31.ffn_gate.weight               - [  4096,  12288,      1,      1], type =   bf16, converting to q6_K .. size =    96.00 MiB ->    39.38 MiB
[ 426/ 427] blk.31.ffn_up.weight                 - [  4096,  12288,      1,      1], type =   bf16, converting to q6_K .. size =    96.00 MiB ->    39.38 MiB
[ 427/ 427] blk.31.post_attention_norm.weight    - [  4096,      1,      1,      1], type =    f32, size =    0.016 MiB
llama_model_quantize_impl: model size  = 17080.05 MiB (16.00 BPW)
llama_model_quantize_impl: quant size  =  7007.88 MiB (6.57 BPW)

llama_quantize: quantize time = 187521.06 ms
llama_quantize:    total time = 187521.06 ms
=== Thu Sep 24 18:12:44 CEST 2026 IMATRIX N4a-qwen38 on Q6 ===
0.00.814.359 W common_fit_params: failed to fit params to free device memory: n_gpu_layers already set by user to 99, abort
0.48.948.258 I cmn          init: llama threadpool init, n_threads = 4
0.48.948.389 I 
0.48.948.464 I system_info: n_threads = 4 (n_threads_batch = 4) / 8 | CUDA : ARCHS = 610 | USE_GRAPHS = 1 | FA_QUANTS = q4_0-q4_0,q8_0-q8_0,f16-f16,bf16-bf16 | CPU : SSE3 = 1 | SSSE3 = 1 | AVX = 1 | AVX2 = 1 | F16C = 1 | FMA = 1 | BMI2 = 1 | LLAMAFILE = 1 | OPENMP = 1 | REPACK = 1 | 
0.48.948.472 I compute_imatrix: tokenizing the input ..
0.49.482.548 I compute_imatrix: tokenization took 534.07 ms
0.49.482.702 I compute_imatrix: computing over 601 chunks, n_ctx=512, batch_size=2048, n_seq=4
0.56.449.795 I compute_imatrix: 6.97 seconds per pass - ETA 17.43 minutes
[1]4.5346,[2]3.3728,[3]3.2352,[4]3.5251,[5]4.8948,[6]6.0434,[7]6.8663,[8]8.1152,
[9]8.3132,[10]8.3286,[11]8.2770,[12]7.7694,[13]8.1096,[14]8.6769,[15]9.1859,[16]9.2887,
[17]9.2290,[18]8.8486,[19]8.6877,[20]8.3996,[21]8.3653,[22]8.2610,[23]8.1656,[24]8.0503,[25]8.0362,[26]7.8841,[27]7.5716,[28]7.6094,
[29]7.6493,[30]7.9659,[31]8.1740,[32]8.1790,[33]8.1882,[34]8.3816,[35]8.5598,[36]8.7111,
[37]8.5739,[38]8.6327,[39]8.5528,[40]8.7143,[41]8.5434,[42]8.3123,[43]8.2132,[44]8.2091,[45]8.3552,[46]8.2511,[47]8.0569,[48]7.8780,
[49]7.7459,[50]7.8855,[51]7.9208,[52]7.7555,[53]7.6304,[54]7.5925,[55]7.4375,[56]7.4839,
[57]7.3222,[58]7.1837,[59]7.2342,[60]7.1991,[61]7.1337,[62]7.0022,[63]7.1592,[64]7.2184,[65]7.1753,[66]7.2688,[67]7.2347,[68]7.2495,
[69]7.1549,[70]7.1965,[71]7.1709,[72]7.2147,[73]7.1583,[74]7.0590,[75]7.0485,[76]7.1063,
[77]7.0457,[78]6.9601,[79]7.0881,[80]7.2850,[81]7.3231,[82]7.2753,[83]7.2612,[84]7.2159,[85]7.1956,[86]7.2594,[87]7.1926,[88]7.1659,
[89]7.1021,[90]7.0506,[91]7.0282,[92]7.0668,[93]7.0193,[94]6.9337,[95]6.8720,[96]6.8585,
[97]6.8607,[98]6.9805,[99]7.0422,[100]7.0187,[101]6.9803,[102]6.9236,[103]6.9020,[104]6.8163,[105]6.8520,[106]6.8193,[107]6.8835,[108]6.8157,
[109]6.9254,[110]6.9168,[111]6.9281,[112]6.9105,[113]6.9157,[114]6.9335,[115]6.8800,[116]6.8726,
[117]6.8658,[118]6.8882,[119]6.8382,[120]6.8093,[121]6.8268,[122]6.8433,[123]6.8834,[124]6.8993,[125]6.8337,[126]6.8035,[127]6.7972,[128]6.8093,
[129]6.7974,[130]6.7390,[131]6.7241,[132]6.6868,[133]6.6667,[134]6.7482,[135]6.7347,[136]6.7059,
[137]6.6796,[138]6.6798,[139]6.6690,[140]6.6548,[141]6.6688,[142]6.7257,[143]6.7402,[144]6.7214,[145]6.6617,[146]6.6988,[147]6.6773,[148]6.6632,
[149]6.6169,[150]6.6625,[151]6.7027,[152]6.6835,[153]6.6477,[154]6.6222,[155]6.5792,[156]6.5388,
[157]6.5472,[158]6.5663,[159]6.5660,[160]6.5419,[161]6.5630,[162]6.5551,[163]6.5156,[164]6.4826,[165]6.4513,[166]6.4240,[167]6.4332,[168]6.4105,
[169]6.3664,[170]6.3862,[171]6.3667,[172]6.3610,[173]6.3956,[174]6.4549,[175]6.4576,[176]6.4334,
[177]6.3975,[178]6.4088,[179]6.4295,[180]6.4172,[181]6.3971,[182]6.3459,[183]6.3168,[184]6.3150,[185]6.3058,[186]6.2759,[187]6.2820,[188]6.3313,
[189]6.3471,[190]6.3280,[191]6.3074,[192]6.2777,[193]6.2581,[194]6.2492,[195]6.2471,[196]6.2254,
[197]6.1992,[198]6.1645,[199]6.1194,[200]6.1660,[201]6.1784,[202]6.1911,[203]6.2135,[204]6.1852,[205]6.1930,[206]6.2061,[207]6.1915,[208]6.1974,
[209]6.2019,[210]6.2130,[211]6.2218,[212]6.2252,[213]6.2156,[214]6.2213,[215]6.2021,[216]6.1714,
[217]6.1703,[218]6.1495,[219]6.1356,[220]6.1237,[221]6.0911,[222]6.0715,[223]6.0589,[224]6.0222,[225]5.9988,[226]5.9918,[227]5.9727,[228]5.9731,
[229]5.9478,[230]5.9340,[231]5.9439,[232]5.9413,[233]5.9098,[234]5.8801,[235]5.8680,[236]5.8503,
[237]5.8385,[238]5.8067,[239]5.7787,[240]5.7566,[241]5.7385,[242]5.7087,[243]5.6791,[244]5.6675,[245]5.6884,[246]5.6799,[247]5.7006,[248]5.6834,
[249]5.6695,[250]5.6607,[251]5.6455,[252]5.6324,[253]5.6140,[254]5.5872,[255]5.5787,[256]5.5883,
[257]5.5836,[258]5.5605,[259]5.5409,[260]5.5239,[261]5.5098,[262]5.5123,[263]5.4853,[264]5.4950,[265]5.4830,[266]5.4670,[267]5.4543,[268]5.4325,
[269]5.4244,[270]5.4091,[271]5.3990,[272]5.3870,[273]5.3788,[274]5.3803,[275]5.3636,[276]5.3523,
[277]5.3413,[278]5.3311,[279]5.3246,[280]5.3172,[281]5.3074,[282]5.3399,[283]5.3310,[284]5.3094,[285]5.2943,[286]5.3054,[287]5.3064,[288]5.2997,
[289]5.2905,[290]5.2805,[291]5.2668,[292]5.2494,[293]5.2320,[294]5.2120,[295]5.2025,[296]5.1882,
[297]5.1794,[298]5.1868,[299]5.1721,[300]5.1660,[301]5.1604,[302]5.1537,[303]5.1343,[304]5.1299,[305]5.1193,[306]5.1116,[307]5.1025,[308]5.0941,
[309]5.0835,[310]5.0751,[311]5.0712,[312]5.0670,[313]5.0643,[314]5.0625,[315]5.0536,[316]5.0377,
[317]5.0229,[318]5.0151,[319]5.0108,[320]5.0205,[321]5.0111,[322]5.0101,[323]5.0013,[324]5.0003,[325]4.9899,[326]4.9779,[327]4.9775,[328]4.9734,
[329]4.9554,[330]4.9507,[331]4.9478,[332]4.9377,[333]4.9316,[334]4.9386,[335]4.9285,[336]4.9418,
[337]4.9371,[338]4.9220,[339]4.9052,[340]4.9148,[341]4.9065,[342]4.9021,[343]4.8921,[344]4.8774,[345]4.8708,[346]4.8579,[347]4.8532,[348]4.8460,
[349]4.8392,[350]4.8294,[351]4.8170,[352]4.8148,[353]4.8135,[354]4.8093,[355]4.7963,[356]4.7913,
[357]4.7807,[358]4.7754,[359]4.7651,[360]4.7683,[361]4.7673,[362]4.7626,[363]4.7577,[364]4.7511,[365]4.7459,[366]4.7441,[367]4.7397,[368]4.7355,
[369]4.7307,[370]4.7237,[371]4.7205,[372]4.7171,[373]4.7064,[374]4.7066,[375]4.7019,[376]4.7056,
[377]4.6995,[378]4.6907,[379]4.6830,[380]4.6747,[381]4.6610,[382]4.6494,[383]4.6404,[384]4.6403,[385]4.6349,[386]4.6288,[387]4.6258,[388]4.6221,
[389]4.6138,[390]4.6092,[391]4.6103,[392]4.6098,[393]4.6026,[394]4.5943,[395]4.5875,[396]4.5814,
[397]4.5795,[398]4.5722,[399]4.5620,[400]4.5629,[401]4.5575,[402]4.5461,[403]4.5374,[404]4.5328,[405]4.5260,[406]4.5226,[407]4.5143,[408]4.5158,
[409]4.5183,[410]4.5198,[411]4.5102,[412]4.4982,[413]4.4962,[414]4.4981,[415]4.4936,[416]4.4876,
[417]4.4843,[418]4.4826,[419]4.4993,[420]4.4842,[421]4.4714,[422]4.4689,[423]4.4717,[424]4.4745,[425]4.4735,[426]4.4660,[427]4.4626,[428]4.4521,
[429]4.4498,[430]4.4418,[431]4.4408,[432]4.4358,[433]4.4286,[434]4.4267,[435]4.4216,[436]4.4103,
[437]4.4039,[438]4.3983,[439]4.3951,[440]4.3880,[441]4.3809,[442]4.3775,[443]4.3756,[444]4.3788,[445]4.3687,[446]4.3635,[447]4.3580,[448]4.3521,
[449]4.3461,[450]4.3383,[451]4.3347,[452]4.3286,[453]4.3222,[454]4.3146,[455]4.3130,[456]4.3098,
[457]4.3032,[458]4.3008,[459]4.3033,[460]4.2982,[461]4.2933,[462]4.2909,[463]4.2853,[464]4.2795,[465]4.2765,[466]4.2806,[467]4.2773,[468]4.2743,
[469]4.2818,[470]4.2813,[471]4.2729,[472]4.2646,[473]4.2592,[474]4.2638,[475]4.2610,[476]4.2632,
[477]4.2563,[478]4.2466,[479]4.2564,[480]4.2552,[481]4.2520,[482]4.2470,[483]4.2499,[484]4.2440,[485]4.2413,[486]4.2417,[487]4.2413,[488]4.2418,
[489]4.2400,[490]4.2331,[491]4.2269,[492]4.2181,[493]4.2160,[494]4.2137,[495]4.2088,[496]4.2096,
[497]4.2046,[498]4.2021,[499]4.2114,[500]4.2069,[501]4.2019,[502]4.1979,[503]4.1888,[504]4.1915,[505]4.1895,[506]4.1822,[507]4.1791,[508]4.1754,
[509]4.1704,[510]4.1611,[511]4.1613,[512]4.1549,[513]4.1475,[514]4.1490,[515]4.1404,[516]4.1464,
[517]4.1427,[518]4.1395,[519]4.1384,[520]4.1370,[521]4.1300,[522]4.1247,[523]4.1270,[524]4.1229,[525]4.1162,[526]4.1123,[527]4.1090,[528]4.1065,
[529]4.1022,[530]4.0985,[531]4.0955,[532]4.0957,[533]4.0946,[534]4.0929,[535]4.0968,[536]4.0975,
[537]4.0966,[538]4.0942,[539]4.0942,[540]4.0909,[541]4.0854,[542]4.0793,[543]4.0754,[544]4.0721,[545]4.0672,[546]4.0624,[547]4.0618,[548]4.0616,
[549]4.0562,[550]4.0578,[551]4.0555,[552]4.0550,[553]4.0580,[554]4.0592,[555]4.0533,[556]4.0510,
[557]4.0555,[558]4.0662,[559]4.0654,[560]4.0606,[561]4.0562,[562]4.0525,[563]4.0482,[564]4.0457,[565]4.0441,[566]4.0419,[567]4.0406,[568]4.0371,
[569]4.0327,[570]4.0282,[571]4.0267,[572]4.0253,[573]4.0195,[574]4.0126,[575]4.0111,[576]4.0099,
[577]4.0083,[578]4.0057,[579]4.0078,[580]4.0018,[581]4.0086,[582]4.0080,[583]4.0085,[584]4.0070,[585]4.0051,[586]4.0003,[587]3.9986,[588]4.0042,
[589]3.9992,[590]3.9986,[591]3.9977,[592]3.9945,[593]3.9898,[594]3.9892,[595]3.9910,[596]3.9868,
[597]3.9833,[598]3.9741,[599]3.9650,[600]3.9559,[601]3.9469,
Final estimate: PPL = 3.9469 +/- 0.02570


=== Thu Sep 24 18:30:05 CEST 2026 QUANT RINIQ-N4a-MERNIK-5100-Q38 (smape, own qwen38 lens) ===
=== MERNIK ===
Model:   /mnt/Vsio/Downloads/RINIQ-N4a-BF16.gguf
Imatrix: /mnt/Vsio/Downloads/RINIQ-N4a-qwen38.imatrix.gguf
Target:  5100 MiB (4.98 GB)

[1/4] Reading model...
  Architecture: qwen35
  Tensors: 427
  Features: {
  "has_qkv": true,
  "has_ssm": true,
  "has_mtp": false,
  "has_moe": false,
  "is_qat": false,
  "prefix": "blk",
  "n_layers": 32
}

[2/4] Reading imatrix...
  /mnt/Vsio/Downloads/RINIQ-N4a-qwen38.imatrix.gguf: 248 tensors, datasets=[6]
  Combined: 248 tensors

[3/4] Detecting tied groups...
  Found 128 tied groups:
    TIED (4): blk.0.attn_gate  =  blk.0.attn_qkv
    TIED (2): blk.0.ffn_gate  =  blk.0.ffn_up
    TIED (4): blk.1.attn_gate  =  blk.1.attn_qkv
    TIED (2): blk.1.ffn_gate  =  blk.1.ffn_up
    TIED (4): blk.10.attn_gate  =  blk.10.attn_qkv
    TIED (2): blk.10.ffn_gate  =  blk.10.ffn_up
    TIED (3): blk.11.attn_k  =  blk.11.attn_q
    TIED (2): blk.11.ffn_gate  =  blk.11.ffn_up
    TIED (4): blk.12.attn_gate  =  blk.12.attn_qkv
    TIED (2): blk.12.ffn_gate  =  blk.12.ffn_up
    TIED (4): blk.13.attn_gate  =  blk.13.attn_qkv
    TIED (2): blk.13.ffn_gate  =  blk.13.ffn_up
    TIED (4): blk.14.attn_gate  =  blk.14.attn_qkv
    TIED (2): blk.14.ffn_gate  =  blk.14.ffn_up
    TIED (3): blk.15.attn_k  =  blk.15.attn_q
    TIED (2): blk.15.ffn_gate  =  blk.15.ffn_up
    TIED (4): blk.16.attn_gate  =  blk.16.attn_qkv
    TIED (2): blk.16.ffn_gate  =  blk.16.ffn_up
    TIED (4): blk.17.attn_gate  =  blk.17.attn_qkv
    TIED (2): blk.17.ffn_gate  =  blk.17.ffn_up
    TIED (4): blk.18.attn_gate  =  blk.18.attn_qkv
    TIED (2): blk.18.ffn_gate  =  blk.18.ffn_up
    TIED (3): blk.19.attn_k  =  blk.19.attn_q
    TIED (2): blk.19.ffn_gate  =  blk.19.ffn_up
    TIED (4): blk.2.attn_gate  =  blk.2.attn_qkv
    TIED (2): blk.2.ffn_gate  =  blk.2.ffn_up
    TIED (4): blk.20.attn_gate  =  blk.20.attn_qkv
    TIED (2): blk.20.ffn_gate  =  blk.20.ffn_up
    TIED (4): blk.21.attn_gate  =  blk.21.attn_qkv
    TIED (2): blk.21.ffn_gate  =  blk.21.ffn_up
    TIED (4): blk.22.attn_gate  =  blk.22.attn_qkv
    TIED (2): blk.22.ffn_gate  =  blk.22.ffn_up
    TIED (3): blk.23.attn_k  =  blk.23.attn_q
    TIED (2): blk.23.ffn_gate  =  blk.23.ffn_up
    TIED (4): blk.24.attn_gate  =  blk.24.attn_qkv
    TIED (2): blk.24.ffn_gate  =  blk.24.ffn_up
    TIED (4): blk.25.attn_gate  =  blk.25.attn_qkv
    TIED (2): blk.25.ffn_gate  =  blk.25.ffn_up
    TIED (4): blk.26.attn_gate  =  blk.26.attn_qkv
    TIED (2): blk.26.ffn_gate  =  blk.26.ffn_up
    TIED (3): blk.27.attn_k  =  blk.27.attn_q
    TIED (2): blk.27.ffn_gate  =  blk.27.ffn_up
    TIED (4): blk.28.attn_gate  =  blk.28.attn_qkv
    TIED (2): blk.28.ffn_gate  =  blk.28.ffn_up
    TIED (4): blk.29.attn_gate  =  blk.29.attn_qkv
    TIED (2): blk.29.ffn_gate  =  blk.29.ffn_up
    TIED (3): blk.3.attn_k  =  blk.3.attn_q
    TIED (2): blk.3.ffn_gate  =  blk.3.ffn_up
    TIED (4): blk.30.attn_gate  =  blk.30.attn_qkv
    TIED (2): blk.30.ffn_gate  =  blk.30.ffn_up
    TIED (3): blk.31.attn_k  =  blk.31.attn_q
    TIED (2): blk.31.ffn_gate  =  blk.31.ffn_up
    TIED (4): blk.4.attn_gate  =  blk.4.attn_qkv
    TIED (2): blk.4.ffn_gate  =  blk.4.ffn_up
    TIED (4): blk.5.attn_gate  =  blk.5.attn_qkv
    TIED (2): blk.5.ffn_gate  =  blk.5.ffn_up
    TIED (4): blk.6.attn_gate  =  blk.6.attn_qkv
    TIED (2): blk.6.ffn_gate  =  blk.6.ffn_up
    TIED (3): blk.7.attn_k  =  blk.7.attn_q
    TIED (2): blk.7.ffn_gate  =  blk.7.ffn_up
    TIED (4): blk.8.attn_gate  =  blk.8.attn_qkv
    TIED (2): blk.8.ffn_gate  =  blk.8.ffn_up
    TIED (4): blk.9.attn_gate  =  blk.9.attn_qkv
    TIED (2): blk.9.ffn_gate  =  blk.9.ffn_up

[4/4] Classifying tensors (greedy imatrix-driven)...
  BATTLEFIELD utility: {'mode': 'smape', 'cv_w': 1.0, 'linf_w': 1.0, 'huber_delta': 0.0003, 'ssim_table': 'models/ssim_table.npz', 'frag_w': 0.5, 'ptable': 'models/ssim_ptable.npz', 'netpred': 'models/netpred.json', 'netdmg_w': 0.5, 'mix_base': 'smape'}

  Tier distribution:
    F16: 177 tensors (2.0 MiB)
    Q4_K: 226 tensors (3557.8 MiB)
    Q5_K: 13 tensors (1427.6 MiB)
    Q6_K: 11 tensors (112.0 MiB)
  Total estimated size: 5099.4 MiB

  Top 10 by importance:
    blk.31.ffn_down                                      imp=    513108 tier=Q4_K
    blk.3.attn_k                                         imp=    470541 tier=Q6_K
    blk.3.attn_q                                         imp=    470541 tier=Q6_K
    blk.3.attn_v                                         imp=    470541 tier=Q6_K
    blk.29.ffn_gate                                      imp=    456142 tier=Q4_K
    blk.29.ffn_up                                        imp=    456142 tier=Q4_K
    blk.30.ffn_gate                                      imp=    448146 tier=Q4_K
    blk.30.ffn_up                                        imp=    448146 tier=Q4_K
    blk.28.attn_gate                                     imp=    437070 tier=Q6_K
    blk.28.attn_qkv                                      imp=    437070 tier=Q6_K

Config (base=Q5_K_M):
  --output-tensor-type Q5_K
  --token-embedding-type Q5_K
  --tensor-type "(blk|BLK)\.(3)\.attn_v=Q6_K"
  --tensor-type "(blk|BLK)\.(3)\.attn_q=Q6_K"
  --tensor-type "(blk|BLK)\.(3)\.attn_k=Q6_K"
  --tensor-type "(blk|BLK)\.(20|28)\.ssm_beta=Q6_K"
  --tensor-type "(blk|BLK)\.(20|28)\.ssm_alpha=Q6_K"
  --tensor-type "(blk|BLK)\.(20|28)\.attn_qkv=Q6_K"
  --tensor-type "(blk|BLK)\.(20|28)\.attn_gate=Q6_K"
  --tensor-type "(blk|BLK)\.(31)\.attn_q=Q5_K"
  --tensor-type "(blk|BLK)\.(31)\.attn_v=Q5_K"
  --tensor-type "(blk|BLK)\.(31)\.attn_k=Q5_K"
  --tensor-type "(blk|BLK)\.((?:0|1|2|3|4|5|6|7|8|9|10|11|12|13|14|15|16|17|18|19|20|21|22|23|24|25|26|27|28|29|30|31))\.ffn_down=Q4_K"
  --tensor-type "(blk|BLK)\.((?:0|1|2|3|4|5|6|7|8|9|10|11|12|13|14|15|16|17|18|19|20|21|22|23|24|25|26|27|28|29|30|31))\.attn_norm=F16"
  --tensor-type "(blk|BLK)\.([0-2]|[4-6]|(?:8|9|10)|(?:12|13|14)|(?:16|17|18)|(?:20|21|22)|(?:24|25|26)|(?:28|29|30))\.ssm_norm=F16"
  --tensor-type "(blk|BLK)\.([0-2]|[4-6]|(?:8|9|10)|(?:12|13|14)|(?:16|17|18)|(?:20|21|22)|(?:24|25|26)|(?:28|29|30))\.ssm_dt=F16"
  --tensor-type "(blk|BLK)\.([0-2]|[4-6]|(?:8|9|10)|(?:12|13|14)|(?:16|17|18)|(?:20|21|22)|(?:24|25|26)|(?:28|29|30))\.ssm_a=F16"
  --tensor-type "(blk|BLK)\.(3|7|11|15|19|23|27|31)\.attn_q_norm=F16"
  --tensor-type "(blk|BLK)\.((?:0|1|2|3|4|5|6|7|8|9|10|11|12|13|14|15|16|17|18|19|20|21|22|23|24|25|26|27|28|29|30|31))\.post_attention_norm=F16"
  --tensor-type "(blk|BLK)\.([0-2]|[4-6]|(?:8|9|10)|(?:12|13|14)|(?:16|17|18)|(?:20|21|22)|(?:24|25|26)|(?:28|29|30))\.ssm_conv1d=F16"
  --tensor-type "(blk|BLK)\.(3|7|11|15|19|23|27|31)\.attn_k_norm=F16"
  --tensor-type "(blk|BLK)\.(25|30)\.attn_gate=Q5_K"
  --tensor-type "(blk|BLK)\.(25|30)\.ssm_alpha=Q5_K"
  --tensor-type "(blk|BLK)\.(25|30)\.attn_qkv=Q5_K"
  --tensor-type "(blk|BLK)\.(25|30)\.ssm_beta=Q5_K"
  --tensor-type "(blk|BLK)\.([0-2]|[4-6]|(?:8|9|10)|(?:12|13|14)|(?:16|17|18)|(?:21|22)|24|26|29)\.ssm_beta=Q4_K"
  --tensor-type "(blk|BLK)\.((?:0|1|2|3|4|5|6|7|8|9|10|11|12|13|14|15|16|17|18|19|20|21|22|23|24|25|26|27|28|29|30|31))\.ffn_gate=Q4_K"
  --tensor-type "(blk|BLK)\.([0-2]|[4-6]|(?:8|9|10)|(?:12|13|14)|(?:16|17|18)|(?:21|22)|24|26|29)\.attn_gate=Q4_K"
  --tensor-type "(blk|BLK)\.((?:0|1|2|3|4|5|6|7|8|9|10|11|12|13|14|15|16|17|18|19|20|21|22|23|24|25|26|27|28|29|30|31))\.ffn_up=Q4_K"
  --tensor-type "(blk|BLK)\.([0-2]|[4-6]|(?:8|9|10)|(?:12|13|14)|(?:16|17|18)|(?:20|21|22)|(?:24|25|26)|(?:28|29|30))\.ssm_out=Q4_K"
  --tensor-type "(blk|BLK)\.(7|11|15|19|23|27)\.attn_q=Q4_K"
  --tensor-type "(blk|BLK)\.([0-2]|[4-6]|(?:8|9|10)|(?:12|13|14)|(?:16|17|18)|(?:21|22)|24|26|29)\.attn_qkv=Q4_K"
  --tensor-type "(blk|BLK)\.(7|11|15|19|23|27)\.attn_k=Q4_K"
  --tensor-type "(blk|BLK)\.(3|7|11|15|19|23|27|31)\.attn_output=Q4_K"
  --tensor-type "(blk|BLK)\.([0-2]|[4-6]|(?:8|9|10)|(?:12|13|14)|(?:16|17|18)|(?:21|22)|24|26|29)\.ssm_alpha=Q4_K"
  --tensor-type "(blk|BLK)\.(7|11|15|19|23|27)\.attn_v=Q4_K"
  --tensor-type ".*output_norm.*=F16"

--- Dry Run ---
  Estimated size: 5105 MiB (4.99 GB)
  ⚠  Over target by 5 MiB

--- Running quantization: /mnt/Vsio/Downloads/RINIQ-N4a-MERNIK-5100-Q38.gguf ---
Running: /home/wepiqx/llama.cpp/build/bin/llama-quantize --imatrix /mnt/Vsio/Downloads/RINIQ-N4a-qwen38.imatrix.gguf --output-tensor-type Q5_K --token-embedding-type ...
ggml_cuda_init: found 1 CUDA devices (Total VRAM: 8106 MiB):
  Device 0: NVIDIA GeForce GTX 1070, compute capability 6.1, VMM: yes, VRAM: 8106 MiB
version: 0.4.1-dev (build 11051, commit 5b59b83f4)
built with GNU 16.2.1 for Linux x86_64
llama_quantize: quantizing '/mnt/Vsio/Downloads/RINIQ-N4a-BF16.gguf' to '/mnt/Vsio/Downloads/RINIQ-N4a-MERNIK-5100-Q38.gguf' as Q5_K_M
llama_model_loader: loaded meta data with 40 key-value pairs and 427 tensors from /mnt/Vsio/Downloads/RINIQ-N4a-BF16.gguf (versi
Done: /mnt/Vsio/Downloads/RINIQ-N4a-MERNIK-5100-Q38.gguf (5116 MiB)
Done!
=== Thu Sep 24 18:34:24 CEST 2026 PPL RINIQ-N4a-MERNIK-5100-Q38 ===
0.29.357.067 I cmn          init: llama threadpool init, n_threads = 4
0.29.465.046 I 
0.29.465.124 I system_info: n_threads = 4 (n_threads_batch = 4) / 8 | CUDA : ARCHS = 610 | USE_GRAPHS = 1 | FA_QUANTS = q4_0-q4_0,q8_0-q8_0,f16-f16,bf16-bf16 | CPU : SSE3 = 1 | SSSE3 = 1 | AVX = 1 | AVX2 = 1 | F16C = 1 | FMA = 1 | BMI2 = 1 | LLAMAFILE = 1 | OPENMP = 1 | REPACK = 1 | 
0.29.465.137 I perplexity: tokenizing the input ..
0.30.029.836 I perplexity: tokenization took 564.692 ms
0.30.029.970 I perplexity: calculating perplexity over 290 chunks, n_ctx=1024, batch_size=512, n_seq=1
0.32.184.590 I perplexity: 2.15 seconds per pass - ETA 10.40 minutes
[1]4.4873,[2]6.2831,[3]7.2948,[4]7.8796,[5]8.5443,[6]8.7642,[7]8.5518,[8]8.7314,[9]8.7577,[10]8.5666,[11]8.3530,[12]7.6674,[13]7.2430,[14]7.0134,[15]6.8793,[16]6.7926,[17]6.8407,[18]6.9255,[19]6.9590,[20]7.0739,[21]7.0731,[22]7.0882,[23]7.0572,[24]7.2157,[25]7.2892,[26]7.3167,[27]7.3997,[28]7.5076,[29]7.4982,[30]7.5162,[31]7.5485,[32]7.6319,[33]7.7570,[34]7.7376,[35]7.7007,[36]7.7330,[37]7.7884,[38]7.7793,[39]7.7889,[40]7.6759,[41]7.7074,[42]7.6799,[43]7.7662,[44]7.7429,[45]7.6925,[46]7.6596,[47]7.6838,[48]7.6583,[49]7.6703,[50]7.7369,[51]7.7482,[52]7.7199,[53]7.7244,[54]7.8074,[55]7.9073,[56]7.9373,[57]8.0302,[58]7.9937,[59]7.9621,[60]7.9481,[61]7.9093,[62]7.8411,[63]7.8005,[64]7.7388,[65]7.6680,[66]7.6523,[67]7.6437,[68]7.6180,[69]7.5927,[70]7.5900,[71]7.5889,[72]7.6194,[73]7.5681,[74]7.5076,[75]7.4379,[76]7.3940,[77]7.3545,[78]7.2844,[79]7.2310,[80]7.1843,[81]7.1527,[82]7.1517,[83]7.1487,[84]7.1598,[85]7.1936,[86]7.2674,[87]7.3254,[88]7.3808,[89]7.4232,[90]7.4315,[91]7.4546,[92]7.4567,[93]7.4924,[94]7.5042,[95]7.5389,[96]7.5390,[97]7.5910,[98]7.5981,[99]7.5799,[100]7.5782,[101]7.6323,[102]7.6444,[103]7.6482,[104]7.6221,[105]7.6003,[106]7.5909,[107]7.5600,[108]7.5527,[109]7.5172,[110]7.5080,[111]7.4939,[112]7.4681,[113]7.4447,[114]7.4197,[115]7.3922,[116]7.3840,[117]7.3700,[118]7.3597,[119]7.3271,[120]7.3231,[121]7.3230,[122]7.3210,[123]7.3323,[124]7.3470,[125]7.3677,[126]7.4114,[127]7.4243,[128]7.4456,[129]7.4132,[130]7.3902,[131]7.3916,[132]7.4055,[133]7.4051,[134]7.4042,[135]7.3821,[136]7.3675,[137]7.3628,[138]7.3561,[139]7.3570,[140]7.3420,[141]7.2895,[142]7.3028,[143]7.2752,[144]7.2763,[145]7.2858,[146]7.3025,[147]7.3379,[148]7.3631,[149]7.3488,[150]7.3421,[151]7.3217,[152]7.3247,[153]7.3291,[154]7.3223,[155]7.3288,[156]7.3241,[157]7.3060,[158]7.3371,[159]7.3479,[160]7.3448,[161]7.3589,[162]7.3822,[163]7.3641,[164]7.3423,[165]7.3154,[166]7.3028,[167]7.2970,[168]7.2987,[169]7.2810,[170]7.2683,[171]7.2629,[172]7.2632,[173]7.2612,[174]7.2518,[175]7.2649,[176]7.2570,[177]7.2733,[178]7.2721,[179]7.2643,[180]7.2642,[181]7.2754,[182]7.3153,[183]7.3619,[184]7.3893,[185]7.4237,[186]7.4380,[187]7.4640,[188]7.4886,[189]7.5190,[190]7.5389,[191]7.5678,[192]7.5886,[193]7.5826,[194]7.6151,[195]7.6228,[196]7.6124,[197]7.6217,[198]7.6260,[199]7.6392,[200]7.6363,[201]7.6108,[202]7.6009,[203]7.6084,[204]7.6115,[205]7.6085,[206]7.6152,[207]7.6065,[208]7.6143,[209]7.6167,[210]7.6037,[211]7.5998,[212]7.5949,[213]7.6170,[214]7.6242,[215]7.6348,[216]7.6333,[217]7.6323,[218]7.6326,[219]7.6463,[220]7.6517,[221]7.6493,[222]7.6446,[223]7.6396,[224]7.6429,[225]7.6235,[226]7.6148,[227]7.6146,[228]7.6380,[229]7.6373,[230]7.6455,[231]7.6487,[232]7.6561,[233]7.6718,[234]7.6748,[235]7.6684,[236]7.6778,[237]7.6729,[238]7.6601,[239]7.6735,[240]7.6777,[241]7.6805,[242]7.6763,[243]7.6608,[244]7.6531,[245]7.6492,[246]7.6419,[247]7.6546,[248]7.6505,[249]7.6468,[250]7.6715,[251]7.6781,[252]7.6681,[253]7.6634,[254]7.6712,[255]7.6676,[256]7.6621,[257]7.6582,[258]7.6635,[259]7.6722,[260]7.6684,[261]7.6706,[262]7.6663,[263]7.6599,[264]7.6643,[265]7.6601,[266]7.6631,[267]7.6769,[268]7.6797,[269]7.6791,[270]7.6866,[271]7.6817,[272]7.6633,[273]7.6705,[274]7.6499,[275]7.6305,[276]7.6391,[277]7.6402,[278]7.6462,[279]7.6550,[280]7.6688,[281]7.6720,[282]7.6555,[283]7.6430,[284]7.6457,[285]7.6448,[286]7.6480,[287]7.6521,[288]7.6715,[289]7.6844,[290]7.6791,
10.04.118.734 I Final estimate: PPL = 7.6791 +/- 0.05107

=== Thu Sep 24 18:44:29 CEST 2026 QUANT RINIQ-N4a-MERNIK-5100-Q38-SMSE (smse, own qwen38 lens) ===
=== MERNIK ===
Model:   /mnt/Vsio/Downloads/RINIQ-N4a-BF16.gguf
Imatrix: /mnt/Vsio/Downloads/RINIQ-N4a-qwen38.imatrix.gguf
Target:  5100 MiB (4.98 GB)

[1/4] Reading model...
  Architecture: qwen35
  Tensors: 427
  Features: {
  "has_qkv": true,
  "has_ssm": true,
  "has_mtp": false,
  "has_moe": false,
  "is_qat": false,
  "prefix": "blk",
  "n_layers": 32
}

[2/4] Reading imatrix...
  /mnt/Vsio/Downloads/RINIQ-N4a-qwen38.imatrix.gguf: 248 tensors, datasets=[6]
  Combined: 248 tensors

[3/4] Detecting tied groups...
  Found 128 tied groups:
    TIED (4): blk.0.attn_gate  =  blk.0.attn_qkv
    TIED (2): blk.0.ffn_gate  =  blk.0.ffn_up
    TIED (4): blk.1.attn_gate  =  blk.1.attn_qkv
    TIED (2): blk.1.ffn_gate  =  blk.1.ffn_up
    TIED (4): blk.10.attn_gate  =  blk.10.attn_qkv
    TIED (2): blk.10.ffn_gate  =  blk.10.ffn_up
    TIED (3): blk.11.attn_k  =  blk.11.attn_q
    TIED (2): blk.11.ffn_gate  =  blk.11.ffn_up
    TIED (4): blk.12.attn_gate  =  blk.12.attn_qkv
    TIED (2): blk.12.ffn_gate  =  blk.12.ffn_up
    TIED (4): blk.13.attn_gate  =  blk.13.attn_qkv
    TIED (2): blk.13.ffn_gate  =  blk.13.ffn_up
    TIED (4): blk.14.attn_gate  =  blk.14.attn_qkv
    TIED (2): blk.14.ffn_gate  =  blk.14.ffn_up
    TIED (3): blk.15.attn_k  =  blk.15.attn_q
    TIED (2): blk.15.ffn_gate  =  blk.15.ffn_up
    TIED (4): blk.16.attn_gate  =  blk.16.attn_qkv
    TIED (2): blk.16.ffn_gate  =  blk.16.ffn_up
    TIED (4): blk.17.attn_gate  =  blk.17.attn_qkv
    TIED (2): blk.17.ffn_gate  =  blk.17.ffn_up
    TIED (4): blk.18.attn_gate  =  blk.18.attn_qkv
    TIED (2): blk.18.ffn_gate  =  blk.18.ffn_up
    TIED (3): blk.19.attn_k  =  blk.19.attn_q
    TIED (2): blk.19.ffn_gate  =  blk.19.ffn_up
    TIED (4): blk.2.attn_gate  =  blk.2.attn_qkv
    TIED (2): blk.2.ffn_gate  =  blk.2.ffn_up
    TIED (4): blk.20.attn_gate  =  blk.20.attn_qkv
    TIED (2): blk.20.ffn_gate  =  blk.20.ffn_up
    TIED (4): blk.21.attn_gate  =  blk.21.attn_qkv
    TIED (2): blk.21.ffn_gate  =  blk.21.ffn_up
    TIED (4): blk.22.attn_gate  =  blk.22.attn_qkv
    TIED (2): blk.22.ffn_gate  =  blk.22.ffn_up
    TIED (3): blk.23.attn_k  =  blk.23.attn_q
    TIED (2): blk.23.ffn_gate  =  blk.23.ffn_up
    TIED (4): blk.24.attn_gate  =  blk.24.attn_qkv
    TIED (2): blk.24.ffn_gate  =  blk.24.ffn_up
    TIED (4): blk.25.attn_gate  =  blk.25.attn_qkv
    TIED (2): blk.25.ffn_gate  =  blk.25.ffn_up
    TIED (4): blk.26.attn_gate  =  blk.26.attn_qkv
    TIED (2): blk.26.ffn_gate  =  blk.26.ffn_up
    TIED (3): blk.27.attn_k  =  blk.27.attn_q
    TIED (2): blk.27.ffn_gate  =  blk.27.ffn_up
    TIED (4): blk.28.attn_gate  =  blk.28.attn_qkv
    TIED (2): blk.28.ffn_gate  =  blk.28.ffn_up
    TIED (4): blk.29.attn_gate  =  blk.29.attn_qkv
    TIED (2): blk.29.ffn_gate  =  blk.29.ffn_up
    TIED (3): blk.3.attn_k  =  blk.3.attn_q
    TIED (2): blk.3.ffn_gate  =  blk.3.ffn_up
    TIED (4): blk.30.attn_gate  =  blk.30.attn_qkv
    TIED (2): blk.30.ffn_gate  =  blk.30.ffn_up
    TIED (3): blk.31.attn_k  =  blk.31.attn_q
    TIED (2): blk.31.ffn_gate  =  blk.31.ffn_up
    TIED (4): blk.4.attn_gate  =  blk.4.attn_qkv
    TIED (2): blk.4.ffn_gate  =  blk.4.ffn_up
    TIED (4): blk.5.attn_gate  =  blk.5.attn_qkv
    TIED (2): blk.5.ffn_gate  =  blk.5.ffn_up
    TIED (4): blk.6.attn_gate  =  blk.6.attn_qkv
    TIED (2): blk.6.ffn_gate  =  blk.6.ffn_up
    TIED (3): blk.7.attn_k  =  blk.7.attn_q
    TIED (2): blk.7.ffn_gate  =  blk.7.ffn_up
    TIED (4): blk.8.attn_gate  =  blk.8.attn_qkv
    TIED (2): blk.8.ffn_gate  =  blk.8.ffn_up
    TIED (4): blk.9.attn_gate  =  blk.9.attn_qkv
    TIED (2): blk.9.ffn_gate  =  blk.9.ffn_up

[4/4] Classifying tensors (greedy imatrix-driven)...
  BATTLEFIELD utility: {'mode': 'smse', 'cv_w': 1.0, 'linf_w': 1.0, 'huber_delta': 0.0003, 'ssim_table': 'models/ssim_table.npz', 'frag_w': 0.5, 'ptable': 'models/ssim_ptable.npz', 'netpred': 'models/netpred.json', 'netdmg_w': 0.5, 'mix_base': 'smape'}

  Tier distribution:
    F16: 177 tensors (2.0 MiB)
    Q4_K: 214 tensors (3476.4 MiB)
    Q5_K: 36 tensors (1621.0 MiB)
  Total estimated size: 5099.4 MiB

  Top 10 by importance:
    blk.31.ffn_down                                      imp=    513108 tier=Q4_K
    blk.3.attn_k                                         imp=    470541 tier=Q5_K
    blk.3.attn_q                                         imp=    470541 tier=Q5_K
    blk.3.attn_v                                         imp=    470541 tier=Q5_K
    blk.29.ffn_gate                                      imp=    456142 tier=Q4_K
    blk.29.ffn_up                                        imp=    456142 tier=Q4_K
    blk.30.ffn_gate                                      imp=    448146 tier=Q4_K
    blk.30.ffn_up                                        imp=    448146 tier=Q4_K
    blk.28.attn_gate                                     imp=    437070 tier=Q5_K
    blk.28.attn_qkv                                      imp=    437070 tier=Q5_K

Config (base=Q5_K_M):
  --output-tensor-type Q5_K
  --token-embedding-type Q5_K
  --tensor-type "(blk|BLK)\.((?:0|1|2|3|4|5|6|7|8|9|10|11|12|13|14|15|16|17|18|19|20|21|22|23|24|25|26|27|28|29|30|31))\.ffn_down=Q4_K"
  --tensor-type "(blk|BLK)\.([0-2]|[4-6]|(?:8|9|10)|(?:12|13|14)|(?:16|17|18)|(?:20|21|22)|(?:24|25|26)|(?:28|29|30))\.ssm_conv1d=F16"
  --tensor-type "(blk|BLK)\.([0-2]|[4-6]|(?:8|9|10)|(?:12|13|14)|(?:16|17|18)|(?:20|21|22)|(?:24|25|26)|(?:28|29|30))\.ssm_dt=F16"
  --tensor-type "(blk|BLK)\.((?:0|1|2|3|4|5|6|7|8|9|10|11|12|13|14|15|16|17|18|19|20|21|22|23|24|25|26|27|28|29|30|31))\.attn_norm=F16"
  --tensor-type "(blk|BLK)\.((?:0|1|2|3|4|5|6|7|8|9|10|11|12|13|14|15|16|17|18|19|20|21|22|23|24|25|26|27|28|29|30|31))\.post_attention_norm=F16"
  --tensor-type "(blk|BLK)\.([0-2]|[4-6]|(?:8|9|10)|(?:12|13|14)|(?:16|17|18)|(?:20|21|22)|(?:24|25|26)|(?:28|29|30))\.ssm_norm=F16"
  --tensor-type "(blk|BLK)\.([0-2]|[4-6]|(?:8|9|10)|(?:12|13|14)|(?:16|17|18)|(?:20|21|22)|(?:24|25|26)|(?:28|29|30))\.ssm_a=F16"
  --tensor-type "(blk|BLK)\.(3|7|11|15|19|23|27|31)\.attn_q_norm=F16"
  --tensor-type "(blk|BLK)\.(3|7|11|15|19|23|27|31)\.attn_k_norm=F16"
  --tensor-type "(blk|BLK)\.(17|(?:20|21)|(?:24|25)|28|30)\.attn_qkv=Q5_K"
  --tensor-type "(blk|BLK)\.(17|(?:20|21)|(?:24|25)|28|30)\.attn_gate=Q5_K"
  --tensor-type "(blk|BLK)\.(3|31)\.attn_q=Q5_K"
  --tensor-type "(blk|BLK)\.(17|(?:20|21)|(?:24|25)|28|30)\.ssm_alpha=Q5_K"
  --tensor-type "(blk|BLK)\.(17|(?:20|21)|(?:24|25)|28|30)\.ssm_beta=Q5_K"
  --tensor-type "(blk|BLK)\.(3|31)\.attn_v=Q5_K"
  --tensor-type "(blk|BLK)\.(3|31)\.attn_k=Q5_K"
  --tensor-type "(blk|BLK)\.((?:0|1|2|3|4|5|6|7|8|9|10|11|12|13|14|15|16|17|18|19|20|21|22|23|24|25|26|27|28|29|30|31))\.ffn_gate=Q4_K"
  --tensor-type "(blk|BLK)\.([0-2]|[4-6]|(?:8|9|10)|(?:12|13|14)|16|18|22|26|29)\.attn_gate=Q4_K"
  --tensor-type "(blk|BLK)\.([0-2]|[4-6]|(?:8|9|10)|(?:12|13|14)|16|18|22|26|29)\.ssm_alpha=Q4_K"
  --tensor-type "(blk|BLK)\.(7|11|15|19|23|27)\.attn_k=Q4_K"
  --tensor-type "(blk|BLK)\.(3|7|11|15|19|23|27|31)\.attn_output=Q4_K"
  --tensor-type "(blk|BLK)\.([0-2]|[4-6]|(?:8|9|10)|(?:12|13|14)|16|18|22|26|29)\.ssm_beta=Q4_K"
  --tensor-type "(blk|BLK)\.(7|11|15|19|23|27)\.attn_q=Q4_K"
  --tensor-type "(blk|BLK)\.((?:0|1|2|3|4|5|6|7|8|9|10|11|12|13|14|15|16|17|18|19|20|21|22|23|24|25|26|27|28|29|30|31))\.ffn_up=Q4_K"
  --tensor-type "(blk|BLK)\.([0-2]|[4-6]|(?:8|9|10)|(?:12|13|14)|16|18|22|26|29)\.attn_qkv=Q4_K"
  --tensor-type "(blk|BLK)\.([0-2]|[4-6]|(?:8|9|10)|(?:12|13|14)|(?:16|17|18)|(?:20|21|22)|(?:24|25|26)|(?:28|29|30))\.ssm_out=Q4_K"
  --tensor-type "(blk|BLK)\.(7|11|15|19|23|27)\.attn_v=Q4_K"
  --tensor-type ".*output_norm.*=F16"

--- Dry Run ---
  Estimated size: 5106 MiB (4.99 GB)
  ⚠  Over target by 6 MiB

--- Running quantization: /mnt/Vsio/Downloads/RINIQ-N4a-MERNIK-5100-Q38-SMSE.gguf ---
Running: /home/wepiqx/llama.cpp/build/bin/llama-quantize --imatrix /mnt/Vsio/Downloads/RINIQ-N4a-qwen38.imatrix.gguf --output-tensor-type Q5_K --token-embedding-type ...
ggml_cuda_init: found 1 CUDA devices (Total VRAM: 8106 MiB):
  Device 0: NVIDIA GeForce GTX 1070, compute capability 6.1, VMM: yes, VRAM: 8106 MiB
version: 0.4.1-dev (build 11051, commit 5b59b83f4)
built with GNU 16.2.1 for Linux x86_64
llama_quantize: quantizing '/mnt/Vsio/Downloads/RINIQ-N4a-BF16.gguf' to '/mnt/Vsio/Downloads/RINIQ-N4a-MERNIK-5100-Q38-SMSE.gguf' as Q5_K_M
llama_model_loader: loaded meta data with 40 key-value pairs and 427 tensors from /mnt/Vsio/Downloads/RINIQ-N4a-BF16.gguf (
Done: /mnt/Vsio/Downloads/RINIQ-N4a-MERNIK-5100-Q38-SMSE.gguf (5116 MiB)
Done!
=== Thu Sep 24 18:48:53 CEST 2026 PPL RINIQ-N4a-MERNIK-5100-Q38-SMSE ===
0.29.115.906 I cmn          init: llama threadpool init, n_threads = 4
0.29.224.169 I 
0.29.224.226 I system_info: n_threads = 4 (n_threads_batch = 4) / 8 | CUDA : ARCHS = 610 | USE_GRAPHS = 1 | FA_QUANTS = q4_0-q4_0,q8_0-q8_0,f16-f16,bf16-bf16 | CPU : SSE3 = 1 | SSSE3 = 1 | AVX = 1 | AVX2 = 1 | F16C = 1 | FMA = 1 | BMI2 = 1 | LLAMAFILE = 1 | OPENMP = 1 | REPACK = 1 | 
0.29.224.237 I perplexity: tokenizing the input ..
0.29.806.175 I perplexity: tokenization took 581.933 ms
0.29.806.303 I perplexity: calculating perplexity over 290 chunks, n_ctx=1024, batch_size=512, n_seq=1
0.31.998.624 I perplexity: 2.19 seconds per pass - ETA 10.58 minutes
[1]4.4551,[2]6.2485,[3]7.2759,[4]7.8733,[5]8.5348,[6]8.7614,[7]8.5687,[8]8.7544,[9]8.7642,[10]8.5661,[11]8.3528,[12]7.6691,[13]7.2527,[14]7.0234,[15]6.8890,[16]6.8015,[17]6.8475,[18]6.9361,[19]6.9668,[20]7.0807,[21]7.0790,[22]7.0936,[23]7.0635,[24]7.2209,[25]7.2902,[26]7.3166,[27]7.3993,[28]7.5047,[29]7.4954,[30]7.5135,[31]7.5451,[32]7.6263,[33]7.7528,[34]7.7338,[35]7.6952,[36]7.7262,[37]7.7794,[38]7.7694,[39]7.7735,[40]7.6610,[41]7.6923,[42]7.6651,[43]7.7519,[44]7.7276,[45]7.6788,[46]7.6450,[47]7.6705,[48]7.6439,[49]7.6573,[50]7.7252,[51]7.7366,[52]7.7088,[53]7.7128,[54]7.7962,[55]7.8959,[56]7.9284,[57]8.0211,[58]7.9843,[59]7.9515,[60]7.9373,[61]7.8990,[62]7.8307,[63]7.7893,[64]7.7277,[65]7.6586,[66]7.6428,[67]7.6353,[68]7.6090,[69]7.5835,[70]7.5807,[71]7.5797,[72]7.6107,[73]7.5587,[74]7.4981,[75]7.4279,[76]7.3840,[77]7.3447,[78]7.2737,[79]7.2205,[80]7.1736,[81]7.1416,[82]7.1403,[83]7.1367,[84]7.1470,[85]7.1798,[86]7.2533,[87]7.3112,[88]7.3667,[89]7.4089,[90]7.4173,[91]7.4402,[92]7.4421,[93]7.4774,[94]7.4890,[95]7.5239,[96]7.5247,[97]7.5761,[98]7.5834,[99]7.5647,[100]7.5626,[101]7.6178,[102]7.6298,[103]7.6329,[104]7.6065,[105]7.5852,[106]7.5762,[107]7.5455,[108]7.5379,[109]7.5023,[110]7.4936,[111]7.4803,[112]7.4544,[113]7.4304,[114]7.4057,[115]7.3765,[116]7.3685,[117]7.3545,[118]7.3437,[119]7.3111,[120]7.3074,[121]7.3076,[122]7.3057,[123]7.3175,[124]7.3321,[125]7.3526,[126]7.3957,[127]7.4085,[128]7.4298,[129]7.3961,[130]7.3737,[131]7.3751,[132]7.3883,[133]7.3877,[134]7.3864,[135]7.3647,[136]7.3500,[137]7.3452,[138]7.3386,[139]7.3400,[140]7.3247,[141]7.2726,[142]7.2862,[143]7.2582,[144]7.2596,[145]7.2692,[146]7.2857,[147]7.3205,[148]7.3451,[149]7.3308,[150]7.3239,[151]7.3034,[152]7.3065,[153]7.3106,[154]7.3039,[155]7.3104,[156]7.3061,[157]7.2887,[158]7.3199,[159]7.3306,[160]7.3273,[161]7.3417,[162]7.3644,[163]7.3464,[164]7.3251,[165]7.2984,[166]7.2857,[167]7.2798,[168]7.2817,[169]7.2641,[170]7.2511,[171]7.2458,[172]7.2463,[173]7.2446,[174]7.2367,[175]7.2491,[176]7.2416,[177]7.2575,[178]7.2576,[179]7.2498,[180]7.2497,[181]7.2609,[182]7.3006,[183]7.3472,[184]7.3751,[185]7.4095,[186]7.4241,[187]7.4493,[188]7.4735,[189]7.5037,[190]7.5234,[191]7.5518,[192]7.5724,[193]7.5666,[194]7.5992,[195]7.6071,[196]7.5964,[197]7.6057,[198]7.6099,[199]7.6228,[200]7.6203,[201]7.5951,[202]7.5849,[203]7.5925,[204]7.5957,[205]7.5927,[206]7.5997,[207]7.5909,[208]7.5988,[209]7.6012,[210]7.5882,[211]7.5844,[212]7.5795,[213]7.6012,[214]7.6083,[215]7.6188,[216]7.6172,[217]7.6134,[218]7.6131,[219]7.6272,[220]7.6326,[221]7.6302,[222]7.6258,[223]7.6208,[224]7.6243,[225]7.6050,[226]7.5967,[227]7.5967,[228]7.6199,[229]7.6191,[230]7.6269,[231]7.6302,[232]7.6376,[233]7.6530,[234]7.6561,[235]7.6492,[236]7.6583,[237]7.6530,[238]7.6412,[239]7.6547,[240]7.6590,[241]7.6619,[242]7.6574,[243]7.6424,[244]7.6346,[245]7.6309,[246]7.6236,[247]7.6364,[248]7.6319,[249]7.6281,[250]7.6529,[251]7.6597,[252]7.6499,[253]7.6452,[254]7.6526,[255]7.6495,[256]7.6439,[257]7.6399,[258]7.6452,[259]7.6537,[260]7.6498,[261]7.6517,[262]7.6476,[263]7.6412,[264]7.6457,[265]7.6418,[266]7.6448,[267]7.6587,[268]7.6617,[269]7.6612,[270]7.6688,[271]7.6642,[272]7.6458,[273]7.6531,[274]7.6322,[275]7.6141,[276]7.6228,[277]7.6237,[278]7.6291,[279]7.6380,[280]7.6517,[281]7.6553,[282]7.6388,[283]7.6265,[284]7.6291,[285]7.6279,[286]7.6311,[287]7.6351,[288]7.6543,[289]7.6671,[290]7.6617,
10.03.148.757 I Final estimate: PPL = 7.6617 +/- 0.05090

=== Thu Sep 24 18:58:57 CEST 2026 HE RINIQ-N4a-MERNIK-5100-Q38-SMSE ===
serving /mnt/Vsio/Downloads/RINIQ-N4a-MERNIK-5100-Q38-SMSE.gguf on 28082
battery start: 2026-09-24 18:59:03
[1/164] HumanEval/0 ... OK
[2/164] HumanEval/1 ... OK
[3/164] HumanEval/10 ... OK
[4/164] HumanEval/100 ... OK
[5/164] HumanEval/101 ... OK
[6/164] HumanEval/102 ... OK
[7/164] HumanEval/103 ... OK
[8/164] HumanEval/104 ... OK
[9/164] HumanEval/105 ... OK
[10/164] HumanEval/106 ... OK
[11/164] HumanEval/107 ... OK
[12/164] HumanEval/108 ... OK
[13/164] HumanEval/109 ... OK
[14/164] HumanEval/11 ... OK
[15/164] HumanEval/110 ... OK
[16/164] HumanEval/111 ... OK
[17/164] HumanEval/112 ... OK
[18/164] HumanEval/113 ... OK
[19/164] HumanEval/114 ... OK
[20/164] HumanEval/115 ... OK
[21/164] HumanEval/116 ... OK
[22/164] HumanEval/117 ... OK
[23/164] HumanEval/118 ... OK
[24/164] HumanEval/119 ... OK
[25/164] HumanEval/12 ... OK
[26/164] HumanEval/120 ... OK
[27/164] HumanEval/121 ... OK
[28/164] HumanEval/122 ... OK
[29/164] HumanEval/123 ... OK
[30/164] HumanEval/124 ... OK
[31/164] HumanEval/125 ... OK
[32/164] HumanEval/126 ... OK
[33/164] HumanEval/127 ... OK
[34/164] HumanEval/128 ... OK
[35/164] HumanEval/129 ... OK
[36/164] HumanEval/13 ... OK
[37/164] HumanEval/130 ... OK
[38/164] HumanEval/131 ... OK
[39/164] HumanEval/132 ... OK
[40/164] HumanEval/133 ... OK
[41/164] HumanEval/134 ... OK
[42/164] HumanEval/135 ... OK
[43/164] HumanEval/136 ... OK
[44/164] HumanEval/137 ... OK
[45/164] HumanEval/138 ... OK
[46/164] HumanEval/139 ... OK
[47/164] HumanEval/14 ... OK
[48/164] HumanEval/140 ... OK
[49/164] HumanEval/141 ... OK
[50/164] HumanEval/142 ... OK
[51/164] HumanEval/143 ... OK
[52/164] HumanEval/144 ... OK
[53/164] HumanEval/145 ... OK
[54/164] HumanEval/146 ... OK
[55/164] HumanEval/147 ... OK
[56/164] HumanEval/148 ... OK
[57/164] HumanEval/149 ... OK
[58/164] HumanEval/15 ... OK
[59/164] HumanEval/150 ... OK
[60/164] HumanEval/151 ... OK
[61/164] HumanEval/152 ... OK
[62/164] HumanEval/153 ... OK
[63/164] HumanEval/154 ... OK
[64/164] HumanEval/155 ... OK
[65/164] HumanEval/156 ... OK
[66/164] HumanEval/157 ... OK
[67/164] HumanEval/158 ... OK
[68/164] HumanEval/159 ... OK
[69/164] HumanEval/16 ... OK
[70/164] HumanEval/160 ... OK
[71/164] HumanEval/161 ... OK
[72/164] HumanEval/162 ... OK
[73/164] HumanEval/163 ... OK
[74/164] HumanEval/17 ... OK
[75/164] HumanEval/18 ... OK
[76/164] HumanEval/19 ... OK
[77/164] HumanEval/2 ... OK
[78/164] HumanEval/20 ... OK
[79/164] HumanEval/21 ... OK
[80/164] HumanEval/22 ... OK
[81/164] HumanEval/23 ... OK
[82/164] HumanEval/24 ... OK
[83/164] HumanEval/25 ... OK
[84/164] HumanEval/26 ... OK
[85/164] HumanEval/27 ... OK
[86/164] HumanEval/28 ... OK
[87/164] HumanEval/29 ... OK
[88/164] HumanEval/3 ... OK
[89/164] HumanEval/30 ... OK
[90/164] HumanEval/31 ... OK
[91/164] HumanEval/32 ... OK
[92/164] HumanEval/33 ... OK
[93/164] HumanEval/34 ... OK
[94/164] HumanEval/35 ... OK
[95/164] HumanEval/36 ... OK
[96/164] HumanEval/37 ... OK
[97/164] HumanEval/38 ... OK
[98/164] HumanEval/39 ... OK
[99/164] HumanEval/4 ... OK
[100/164] HumanEval/40 ... OK
[101/164] HumanEval/41 ... OK
[102/164] HumanEval/42 ... OK
[103/164] HumanEval/43 ... OK
[104/164] HumanEval/44 ... OK
[105/164] HumanEval/45 ... OK
[106/164] HumanEval/46 ... OK
[107/164] HumanEval/47 ... OK
[108/164] HumanEval/48 ... OK
[109/164] HumanEval/49 ... OK
[110/164] HumanEval/5 ... OK
[111/164] HumanEval/50 ... OK
[112/164] HumanEval/51 ... OK
[113/164] HumanEval/52 ... OK
[114/164] HumanEval/53 ... OK
[115/164] HumanEval/54 ... OK
[116/164] HumanEval/55 ... OK
[117/164] HumanEval/56 ... OK
[118/164] HumanEval/57 ... OK
[119/164] HumanEval/58 ... OK
[120/164] HumanEval/59 ... OK
[121/164] HumanEval/6 ... OK
[122/164] HumanEval/60 ... OK
[123/164] HumanEval/61 ... OK
[124/164] HumanEval/62 ... OK
[125/164] HumanEval/63 ... OK
[126/164] HumanEval/64 ... OK
[127/164] HumanEval/65 ... OK
[128/164] HumanEval/66 ... OK
[129/164] HumanEval/67 ... OK
[130/164] HumanEval/68 ... OK
[131/164] HumanEval/69 ... OK
[132/164] HumanEval/7 ... OK
[133/164] HumanEval/70 ... OK
[134/164] HumanEval/71 ... OK
[135/164] HumanEval/72 ... OK
[136/164] HumanEval/73 ... OK
[137/164] HumanEval/74 ... OK
[138/164] HumanEval/75 ... OK
[139/164] HumanEval/76 ... OK
[140/164] HumanEval/77 ... OK
[141/164] HumanEval/78 ... OK
[142/164] HumanEval/79 ... OK
[143/164] HumanEval/8 ... OK
[144/164] HumanEval/80 ... OK
[145/164] HumanEval/81 ... OK
[146/164] HumanEval/82 ... OK
[147/164] HumanEval/83 ... OK
[148/164] HumanEval/84 ... OK
[149/164] HumanEval/85 ... OK
[150/164] HumanEval/86 ... OK
[151/164] HumanEval/87 ... OK
[152/164] HumanEval/88 ... OK
[153/164] HumanEval/89 ... OK
[154/164] HumanEval/9 ... OK
[155/164] HumanEval/90 ... OK
[156/164] HumanEval/91 ... OK
[157/164] HumanEval/92 ... OK
[158/164] HumanEval/93 ... OK
[159/164] HumanEval/94 ... OK
[160/164] HumanEval/95 ... OK
[161/164] HumanEval/96 ... OK
[162/164] HumanEval/97 ... OK
[163/164] HumanEval/98 ... OK
[164/164] HumanEval/99 ... OK

Saved 164 to /mnt/Vsio/MERNIK/eval_results/humaneval_riniqn4aq38smse.jsonl
battery time: 69.7 min (25.5 s/task over 164 tasks)

--- Evaluating pass@1 ---
Reading samples...
0it [00:00, ?it/s]164it [00:00, 52585.11it/s]
Running test suites...
  0%|          | 0/164 [00:00<?, ?it/s]  1%|          | 1/164 [00:00<02:04,  1.31it/s]  9%|▉         | 15/164 [00:00<00:06, 23.09it/s] 18%|█▊        | 29/164 [00:00<00:03, 42.88it/s] 25%|██▌       | 41/164 [00:01<00:02, 58.03it/s] 33%|███▎      | 54/164 [00:01<00:01, 73.46it/s] 41%|████      | 67/164 [00:01<00:01, 86.92it/s] 48%|████▊     | 79/164 [00:01<00:00, 94.04it/s] 55%|█████▌    | 91/164 [00:01<00:00, 100.59it/s] 63%|██████▎   | 104/164 [00:01<00:00, 106.11it/s] 71%|███████   | 116/164 [00:01<00:00, 109.50it/s] 78%|███████▊  | 128/164 [00:01<00:00, 112.17it/s] 85%|████████▌ | 140/164 [00:01<00:00, 113.18it/s] 93%|█████████▎| 152/164 [00:02<00:00, 112.89it/s]100%|██████████| 164/164 [00:02<00:00, 77.46it/s] 
Writing results to /mnt/Vsio/MERNIK/eval_results/humaneval_riniqn4aq38smse.jsonl_results.jsonl...
  0%|          | 0/164 [00:00<?, ?it/s]100%|██████████| 164/164 [00:00<00:00, 107849.77it/s]
pass@1: {'pass@1': np.float64(0.8902439024390244)}
own server killed — GPU free
=== Thu Sep 24 20:08:48 CEST 2026 HE+ humaneval_riniqn4aq38smse.jsonl ===
Load from ground-truth from /home/wepiqx/.cache/evalplus/fe585eb4df8c88d844eeb463ea4d0302.pkl
Reading samples...
0it [00:00, ?it/s]1it [00:00,  1.41it/s]164it [00:00, 218.28it/s]
  0%|          | 0/164 [00:00<?, ?it/s]  1%|          | 1/164 [00:00<02:24,  1.13it/s]  5%|▍         | 8/164 [00:00<00:14, 10.67it/s]  9%|▉         | 15/164 [00:01<00:07, 20.25it/s] 15%|█▍        | 24/164 [00:01<00:04, 32.63it/s] 19%|█▉        | 31/164 [00:01<00:04, 30.60it/s] 24%|██▍       | 40/164 [00:01<00:03, 40.15it/s] 28%|██▊       | 46/164 [00:01<00:02, 42.01it/s] 32%|███▏      | 52/164 [00:01<00:02, 43.95it/s] 35%|███▌      | 58/164 [00:02<00:03, 32.47it/s] 38%|███▊      | 63/164 [00:02<00:03, 31.64it/s] 41%|████      | 67/164 [00:02<00:03, 29.17it/s] 43%|████▎     | 71/164 [00:02<00:04, 22.07it/s] 46%|████▌     | 75/164 [00:02<00:03, 23.46it/s] 48%|████▊     | 78/164 [00:03<00:03, 22.55it/s] 49%|████▉     | 81/164 [00:03<00:03, 20.91it/s] 51%|█████     | 84/164 [00:03<00:04, 19.19it/s] 53%|█████▎    | 87/164 [00:03<00:03, 20.87it/s] 56%|█████▌    | 92/164 [00:03<00:02, 26.37it/s] 59%|█████▊    | 96/164 [00:03<00:02, 28.48it/s] 61%|██████    | 100/164 [00:04<00:02, 24.01it/s] 63%|██████▎   | 103/164 [00:04<00:02, 25.07it/s] 65%|██████▍   | 106/164 [00:04<00:02, 25.23it/s] 66%|██████▋   | 109/164 [00:04<00:02, 25.26it/s] 68%|██████▊   | 112/164 [00:04<00:01, 26.02it/s] 70%|███████   | 115/164 [00:04<00:01, 26.75it/s] 72%|███████▏  | 118/164 [00:04<00:01, 27.61it/s] 74%|███████▍  | 122/164 [00:04<00:01, 30.08it/s] 78%|███████▊  | 128/164 [00:04<00:01, 35.09it/s] 82%|████████▏ | 134/164 [00:05<00:00, 39.77it/s] 86%|████████▌ | 141/164 [00:05<00:00, 45.66it/s] 90%|████████▉ | 147/164 [00:05<00:00, 45.31it/s] 93%|█████████▎| 153/164 [00:05<00:00, 47.80it/s] 96%|█████████▋| 158/164 [00:05<00:00, 44.67it/s] 99%|█████████▉| 163/164 [00:06<00:00, 11.27it/s]100%|██████████| 164/164 [00:07<00:00, 21.74it/s]
humaneval (base tests)
pass@1:	0.884
humaneval+ (base + extra tests)
pass@1:	0.848
CHAIN-N4AQ38-DONE Thu Sep 24 20:09:12 CEST 2026
