=== Fri Sep 25 16:14:30 CEST 2026 SRIQ-WAIT (BF16 downloading) ===
=== Fri Sep 25 16:57:17 CEST 2026 SRIQ-WAIT (BF16 downloading) ===
=== Fri Sep 25 17:00:17 CEST 2026 BF16 ready (17920693184 bytes) ===
=== Fri Sep 25 17:00:17 CEST 2026 QUANT SRIQ-Q6 ===
load_backend: loaded BLAS backend from /home/wepiqx/llama.cpp/build/bin/libggml-blas.so
ggml_cuda_init: found 1 CUDA devices (Total VRAM: 8106 MiB):
  Device 0: NVIDIA GeForce GTX 1070, compute capability 6.1, VMM: yes, VRAM: 8106 MiB
load_backend: loaded CUDA backend from /home/wepiqx/llama.cpp/build/bin/libggml-cuda.so
load_backend: loaded CPU backend from /home/wepiqx/llama.cpp/build/bin/libggml-cpu-haswell.so
version: 0.5.0-dev (build 11170, commit a02c7f58c)
built with GNU 16.2.1 for Linux x86_64
llama_quantize: quantizing '/mnt/Vsio/Downloads/sriq-mimo_v2.6-9b-v1.6.BF16.gguf' to '/mnt/Vsio/Downloads/SRIQ-MIMO-9B-Q6_K.gguf' as Q6_K
llama_model_loader: loaded meta data with 39 key-value pairs and 427 tensors from /mnt/Vsio/Downloads/sriq-mimo_v2.6-9b-v1.6.BF16.gguf (version GGUF V3 (latest))
llama_model_loader: Dumping metadata keys/values. Note: KV overrides do not apply in this output.
llama_model_loader: - kv   0:                       general.architecture str              = qwen35
llama_model_loader: - kv   1:                               general.type str              = model
llama_model_loader: - kv   2:                     general.sampling.top_k i32              = 20
llama_model_loader: - kv   3:                     general.sampling.top_p f32              = 0.950000
llama_model_loader: - kv   4:                      general.sampling.temp f32              = 0.600000
llama_model_loader: - kv   5:                               general.name str              = Model
llama_model_loader: - kv   6:                       general.quantized_by str              = Unsloth
llama_model_loader: - kv   7:                         general.size_label str              = 9.0B
llama_model_loader: - kv   8:                           general.repo_url str              = https://huggingface.co/unsloth
llama_model_loader: - kv   9:                               general.tags arr[str,2]       = ["unsloth", "llama.cpp"]
llama_model_loader: - kv  10:                         qwen35.block_count u32              = 32
llama_model_loader: - kv  11:                      qwen35.context_length u32              = 262144
llama_model_loader: - kv  12:                    qwen35.embedding_length u32              = 4096
llama_model_loader: - kv  13:                 qwen35.feed_forward_length u32              = 12288
llama_model_loader: - kv  14:                qwen35.attention.head_count u32              = 16
llama_model_loader: - kv  15:             qwen35.attention.head_count_kv u32              = 4
llama_model_loader: - kv  16:             qwen35.rope.dimension_sections arr[i32,4]       = [11, 11, 10, 0]
llama_model_loader: - kv  17:                      qwen35.rope.freq_base f32              = 10000000.000000
llama_model_loader: - kv  18:    qwen35.attention.layer_norm_rms_epsilon f32              = 0.000001
llama_model_loader: - kv  19:                qwen35.attention.key_length u32              = 256
llama_model_loader: - kv  20:              qwen35.attention.value_length u32              = 256
llama_model_loader: - kv  21:                          general.file_type u32              = 32
llama_model_loader: - kv  22:                     qwen35.ssm.conv_kernel u32              = 4
llama_model_loader: - kv  23:                      qwen35.ssm.state_size u32              = 128
llama_model_loader: - kv  24:                     qwen35.ssm.group_count u32              = 16
llama_model_loader: - kv  25:                  qwen35.ssm.time_step_rank u32              = 32
llama_model_loader: - kv  26:                      qwen35.ssm.inner_size u32              = 4096
llama_model_loader: - kv  27:          qwen35.attention.recurrent_layers arr[bool,32]     = [true, true, true, false, true, true,...
llama_model_loader: - kv  28:             qwen35.full_attention_interval u32              = 4
llama_model_loader: - kv  29:                qwen35.rope.dimension_count u32              = 64
llama_model_loader: - kv  30:               general.quantization_version u32              = 2
llama_model_loader: - kv  31:                       tokenizer.ggml.model str              = gpt2
llama_model_loader: - kv  32:                         tokenizer.ggml.pre str              = qwen35
llama_model_loader: - kv  33:                      tokenizer.ggml.tokens arr[str,248320]  = ["!", "\"", "#", "$", "%", "&", "'", ...
llama_model_loader: - kv  34:                  tokenizer.ggml.token_type arr[i32,248320]  = [1, 1, 1, 1, 1, 1, 1, 1, 1, 1, 1, 1, ...
llama_model_loader: - kv  35:                      tokenizer.ggml.merges arr[str,247587]  = ["Ġ Ġ", "ĠĠ ĠĠ", "i n", "Ġ t",...
llama_model_loader: - kv  36:                tokenizer.ggml.eos_token_id u32              = 248046
llama_model_loader: - kv  37:            tokenizer.ggml.padding_token_id u32              = 248044
llama_model_loader: - kv  38:                    tokenizer.chat_template str              = {%- macro render_value(value) -%}\n   ...
llama_model_loader: - type  f32:  177 tensors
llama_model_loader: - type bf16:  250 tensors
[   1/ 427] output.weight                        - [  4096, 248320,      1,      1], type =   bf16, converting to q6_K .. size =  1940.00 MiB ->   795.70 MiB
[   2/ 427] output_norm.weight                   - [  4096,      1,      1,      1], type =    f32, size =    0.016 MiB
[   3/ 427] token_embd.weight                    - [  4096, 248320,      1,      1], type =   bf16, converting to q6_K .. size =  1940.00 MiB ->   795.70 MiB
[   4/ 427] blk.0.attn_gate.weight               - [  4096,   4096,      1,      1], type =   bf16, converting to q6_K .. size =    32.00 MiB ->    13.12 MiB
[   5/ 427] blk.0.attn_norm.weight               - [  4096,      1,      1,      1], type =    f32, size =    0.016 MiB
[   6/ 427] blk.0.attn_qkv.weight                - [  4096,   8192,      1,      1], type =   bf16, converting to q6_K .. size =    64.00 MiB ->    26.25 MiB
[   7/ 427] blk.0.ffn_down.weight                - [ 12288,   4096,      1,      1], type =   bf16, converting to q6_K .. size =    96.00 MiB ->    39.38 MiB
[   8/ 427] blk.0.ffn_gate.weight                - [  4096,  12288,      1,      1], type =   bf16, converting to q6_K .. size =    96.00 MiB ->    39.38 MiB
[   9/ 427] blk.0.ffn_up.weight                  - [  4096,  12288,      1,      1], type =   bf16, converting to q6_K .. size =    96.00 MiB ->    39.38 MiB
[  10/ 427] blk.0.post_attention_norm.weight     - [  4096,      1,      1,      1], type =    f32, size =    0.016 MiB
[  11/ 427] blk.0.ssm_a                          - [    32,      1,      1,      1], type =    f32, size =    0.000 MiB
[  12/ 427] blk.0.ssm_alpha.weight               - [  4096,     32,      1,      1], type =   bf16, converting to q6_K .. size =     0.25 MiB ->     0.10 MiB
[  13/ 427] blk.0.ssm_beta.weight                - [  4096,     32,      1,      1], type =   bf16, converting to q6_K .. size =     0.25 MiB ->     0.10 MiB
[  14/ 427] blk.0.ssm_conv1d.weight              - [     4,   8192,      1,      1], type =    f32, size =    0.125 MiB
[  15/ 427] blk.0.ssm_dt.bias                    - [    32,      1,      1,      1], type =    f32, size =    0.000 MiB
[  16/ 427] blk.0.ssm_norm.weight                - [   128,      1,      1,      1], type =    f32, size =    0.000 MiB
[  17/ 427] blk.0.ssm_out.weight                 - [  4096,   4096,      1,      1], type =   bf16, converting to q6_K .. size =    32.00 MiB ->    13.12 MiB
[  18/ 427] blk.1.attn_gate.weight               - [  4096,   4096,      1,      1], type =   bf16, converting to q6_K .. size =    32.00 MiB ->    13.12 MiB
[  19/ 427] blk.1.attn_norm.weight               - [  4096,      1,      1,      1], type =    f32, size =    0.016 MiB
[  20/ 427] blk.1.attn_qkv.weight                - [  4096,   8192,      1,      1], type =   bf16, converting to q6_K .. size =    64.00 MiB ->    26.25 MiB
[  21/ 427] blk.1.ffn_down.weight                - [ 12288,   4096,      1,      1], type =   bf16, converting to q6_K .. size =    96.00 MiB ->    39.38 MiB
[  22/ 427] blk.1.ffn_gate.weight                - [  4096,  12288,      1,      1], type =   bf16, converting to q6_K .. size =    96.00 MiB ->    39.38 MiB
[  23/ 427] blk.1.ffn_up.weight                  - [  4096,  12288,      1,      1], type =   bf16, converting to q6_K .. size =    96.00 MiB ->    39.38 MiB
[  24/ 427] blk.1.post_attention_norm.weight     - [  4096,      1,      1,      1], type =    f32, size =    0.016 MiB
[  25/ 427] blk.1.ssm_a                          - [    32,      1,      1,      1], type =    f32, size =    0.000 MiB
[  26/ 427] blk.1.ssm_alpha.weight               - [  4096,     32,      1,      1], type =   bf16, converting to q6_K .. size =     0.25 MiB ->     0.10 MiB
[  27/ 427] blk.1.ssm_beta.weight                - [  4096,     32,      1,      1], type =   bf16, converting to q6_K .. size =     0.25 MiB ->     0.10 MiB
[  28/ 427] blk.1.ssm_conv1d.weight              - [     4,   8192,      1,      1], type =    f32, size =    0.125 MiB
[  29/ 427] blk.1.ssm_dt.bias                    - [    32,      1,      1,      1], type =    f32, size =    0.000 MiB
[  30/ 427] blk.1.ssm_norm.weight                - [   128,      1,      1,      1], type =    f32, size =    0.000 MiB
[  31/ 427] blk.1.ssm_out.weight                 - [  4096,   4096,      1,      1], type =   bf16, converting to q6_K .. size =    32.00 MiB ->    13.12 MiB
[  32/ 427] blk.2.attn_gate.weight               - [  4096,   4096,      1,      1], type =   bf16, converting to q6_K .. size =    32.00 MiB ->    13.12 MiB
[  33/ 427] blk.2.attn_norm.weight               - [  4096,      1,      1,      1], type =    f32, size =    0.016 MiB
[  34/ 427] blk.2.attn_qkv.weight                - [  4096,   8192,      1,      1], type =   bf16, converting to q6_K .. size =    64.00 MiB ->    26.25 MiB
[  35/ 427] blk.2.ffn_down.weight                - [ 12288,   4096,      1,      1], type =   bf16, converting to q6_K .. size =    96.00 MiB ->    39.38 MiB
[  36/ 427] blk.2.ffn_gate.weight                - [  4096,  12288,      1,      1], type =   bf16, converting to q6_K .. size =    96.00 MiB ->    39.38 MiB
[  37/ 427] blk.2.ffn_up.weight                  - [  4096,  12288,      1,      1], type =   bf16, converting to q6_K .. size =    96.00 MiB ->    39.38 MiB
[  38/ 427] blk.2.post_attention_norm.weight     - [  4096,      1,      1,      1], type =    f32, size =    0.016 MiB
[  39/ 427] blk.2.ssm_a                          - [    32,      1,      1,      1], type =    f32, size =    0.000 MiB
[  40/ 427] blk.2.ssm_alpha.weight               - [  4096,     32,      1,      1], type =   bf16, converting to q6_K .. size =     0.25 MiB ->     0.10 MiB
[  41/ 427] blk.2.ssm_beta.weight                - [  4096,     32,      1,      1], type =   bf16, converting to q6_K .. size =     0.25 MiB ->     0.10 MiB
[  42/ 427] blk.2.ssm_conv1d.weight              - [     4,   8192,      1,      1], type =    f32, size =    0.125 MiB
[  43/ 427] blk.2.ssm_dt.bias                    - [    32,      1,      1,      1], type =    f32, size =    0.000 MiB
[  44/ 427] blk.2.ssm_norm.weight                - [   128,      1,      1,      1], type =    f32, size =    0.000 MiB
[  45/ 427] blk.2.ssm_out.weight                 - [  4096,   4096,      1,      1], type =   bf16, converting to q6_K .. size =    32.00 MiB ->    13.12 MiB
[  46/ 427] blk.3.attn_k.weight                  - [  4096,   1024,      1,      1], type =   bf16, converting to q6_K .. size =     8.00 MiB ->     3.28 MiB
[  47/ 427] blk.3.attn_k_norm.weight             - [   256,      1,      1,      1], type =    f32, size =    0.001 MiB
[  48/ 427] blk.3.attn_norm.weight               - [  4096,      1,      1,      1], type =    f32, size =    0.016 MiB
[  49/ 427] blk.3.attn_output.weight             - [  4096,   4096,      1,      1], type =   bf16, converting to q6_K .. size =    32.00 MiB ->    13.12 MiB
[  50/ 427] blk.3.attn_q.weight                  - [  4096,   8192,      1,      1], type =   bf16, converting to q6_K .. size =    64.00 MiB ->    26.25 MiB
[  51/ 427] blk.3.attn_q_norm.weight             - [   256,      1,      1,      1], type =    f32, size =    0.001 MiB
[  52/ 427] blk.3.attn_v.weight                  - [  4096,   1024,      1,      1], type =   bf16, converting to q6_K .. size =     8.00 MiB ->     3.28 MiB
[  53/ 427] blk.3.ffn_down.weight                - [ 12288,   4096,      1,      1], type =   bf16, converting to q6_K .. size =    96.00 MiB ->    39.38 MiB
[  54/ 427] blk.3.ffn_gate.weight                - [  4096,  12288,      1,      1], type =   bf16, converting to q6_K .. size =    96.00 MiB ->    39.38 MiB
[  55/ 427] blk.3.ffn_up.weight                  - [  4096,  12288,      1,      1], type =   bf16, converting to q6_K .. size =    96.00 MiB ->    39.38 MiB
[  56/ 427] blk.3.post_attention_norm.weight     - [  4096,      1,      1,      1], type =    f32, size =    0.016 MiB
[  57/ 427] blk.4.attn_gate.weight               - [  4096,   4096,      1,      1], type =   bf16, converting to q6_K .. size =    32.00 MiB ->    13.12 MiB
[  58/ 427] blk.4.attn_norm.weight               - [  4096,      1,      1,      1], type =    f32, size =    0.016 MiB
[  59/ 427] blk.4.attn_qkv.weight                - [  4096,   8192,      1,      1], type =   bf16, converting to q6_K .. size =    64.00 MiB ->    26.25 MiB
[  60/ 427] blk.4.ffn_down.weight                - [ 12288,   4096,      1,      1], type =   bf16, converting to q6_K .. size =    96.00 MiB ->    39.38 MiB
[  61/ 427] blk.4.ffn_gate.weight                - [  4096,  12288,      1,      1], type =   bf16, converting to q6_K .. size =    96.00 MiB ->    39.38 MiB
[  62/ 427] blk.4.ffn_up.weight                  - [  4096,  12288,      1,      1], type =   bf16, converting to q6_K .. size =    96.00 MiB ->    39.38 MiB
[  63/ 427] blk.4.post_attention_norm.weight     - [  4096,      1,      1,      1], type =    f32, size =    0.016 MiB
[  64/ 427] blk.4.ssm_a                          - [    32,      1,      1,      1], type =    f32, size =    0.000 MiB
[  65/ 427] blk.4.ssm_alpha.weight               - [  4096,     32,      1,      1], type =   bf16, converting to q6_K .. size =     0.25 MiB ->     0.10 MiB
[  66/ 427] blk.4.ssm_beta.weight                - [  4096,     32,      1,      1], type =   bf16, converting to q6_K .. size =     0.25 MiB ->     0.10 MiB
[  67/ 427] blk.4.ssm_conv1d.weight              - [     4,   8192,      1,      1], type =    f32, size =    0.125 MiB
[  68/ 427] blk.4.ssm_dt.bias                    - [    32,      1,      1,      1], type =    f32, size =    0.000 MiB
[  69/ 427] blk.4.ssm_norm.weight                - [   128,      1,      1,      1], type =    f32, size =    0.000 MiB
[  70/ 427] blk.4.ssm_out.weight                 - [  4096,   4096,      1,      1], type =   bf16, converting to q6_K .. size =    32.00 MiB ->    13.12 MiB
[  71/ 427] blk.5.attn_gate.weight               - [  4096,   4096,      1,      1], type =   bf16, converting to q6_K .. size =    32.00 MiB ->    13.12 MiB
[  72/ 427] blk.5.attn_norm.weight               - [  4096,      1,      1,      1], type =    f32, size =    0.016 MiB
[  73/ 427] blk.5.attn_qkv.weight                - [  4096,   8192,      1,      1], type =   bf16, converting to q6_K .. size =    64.00 MiB ->    26.25 MiB
[  74/ 427] blk.5.ffn_down.weight                - [ 12288,   4096,      1,      1], type =   bf16, converting to q6_K .. size =    96.00 MiB ->    39.38 MiB
[  75/ 427] blk.5.ffn_gate.weight                - [  4096,  12288,      1,      1], type =   bf16, converting to q6_K .. size =    96.00 MiB ->    39.38 MiB
[  76/ 427] blk.5.ffn_up.weight                  - [  4096,  12288,      1,      1], type =   bf16, converting to q6_K .. size =    96.00 MiB ->    39.38 MiB
[  77/ 427] blk.5.post_attention_norm.weight     - [  4096,      1,      1,      1], type =    f32, size =    0.016 MiB
[  78/ 427] blk.5.ssm_a                          - [    32,      1,      1,      1], type =    f32, size =    0.000 MiB
[  79/ 427] blk.5.ssm_alpha.weight               - [  4096,     32,      1,      1], type =   bf16, converting to q6_K .. size =     0.25 MiB ->     0.10 MiB
[  80/ 427] blk.5.ssm_beta.weight                - [  4096,     32,      1,      1], type =   bf16, converting to q6_K .. size =     0.25 MiB ->     0.10 MiB
[  81/ 427] blk.5.ssm_conv1d.weight              - [     4,   8192,      1,      1], type =    f32, size =    0.125 MiB
[  82/ 427] blk.5.ssm_dt.bias                    - [    32,      1,      1,      1], type =    f32, size =    0.000 MiB
[  83/ 427] blk.5.ssm_norm.weight                - [   128,      1,      1,      1], type =    f32, size =    0.000 MiB
[  84/ 427] blk.5.ssm_out.weight                 - [  4096,   4096,      1,      1], type =   bf16, converting to q6_K .. size =    32.00 MiB ->    13.12 MiB
[  85/ 427] blk.6.attn_gate.weight               - [  4096,   4096,      1,      1], type =   bf16, converting to q6_K .. size =    32.00 MiB ->    13.12 MiB
[  86/ 427] blk.6.attn_norm.weight               - [  4096,      1,      1,      1], type =    f32, size =    0.016 MiB
[  87/ 427] blk.6.attn_qkv.weight                - [  4096,   8192,      1,      1], type =   bf16, converting to q6_K .. size =    64.00 MiB ->    26.25 MiB
[  88/ 427] blk.6.ffn_down.weight                - [ 12288,   4096,      1,      1], type =   bf16, converting to q6_K .. size =    96.00 MiB ->    39.38 MiB
[  89/ 427] blk.6.ffn_gate.weight                - [  4096,  12288,      1,      1], type =   bf16, converting to q6_K .. size =    96.00 MiB ->    39.38 MiB
[  90/ 427] blk.6.ffn_up.weight                  - [  4096,  12288,      1,      1], type =   bf16, converting to q6_K .. size =    96.00 MiB ->    39.38 MiB
[  91/ 427] blk.6.post_attention_norm.weight     - [  4096,      1,      1,      1], type =    f32, size =    0.016 MiB
[  92/ 427] blk.6.ssm_a                          - [    32,      1,      1,      1], type =    f32, size =    0.000 MiB
[  93/ 427] blk.6.ssm_alpha.weight               - [  4096,     32,      1,      1], type =   bf16, converting to q6_K .. size =     0.25 MiB ->     0.10 MiB
[  94/ 427] blk.6.ssm_beta.weight                - [  4096,     32,      1,      1], type =   bf16, converting to q6_K .. size =     0.25 MiB ->     0.10 MiB
[  95/ 427] blk.6.ssm_conv1d.weight              - [     4,   8192,      1,      1], type =    f32, size =    0.125 MiB
[  96/ 427] blk.6.ssm_dt.bias                    - [    32,      1,      1,      1], type =    f32, size =    0.000 MiB
[  97/ 427] blk.6.ssm_norm.weight                - [   128,      1,      1,      1], type =    f32, size =    0.000 MiB
[  98/ 427] blk.6.ssm_out.weight                 - [  4096,   4096,      1,      1], type =   bf16, converting to q6_K .. size =    32.00 MiB ->    13.12 MiB
[  99/ 427] blk.7.attn_k.weight                  - [  4096,   1024,      1,      1], type =   bf16, converting to q6_K .. size =     8.00 MiB ->     3.28 MiB
[ 100/ 427] blk.7.attn_k_norm.weight             - [   256,      1,      1,      1], type =    f32, size =    0.001 MiB
[ 101/ 427] blk.7.attn_norm.weight               - [  4096,      1,      1,      1], type =    f32, size =    0.016 MiB
[ 102/ 427] blk.7.attn_output.weight             - [  4096,   4096,      1,      1], type =   bf16, converting to q6_K .. size =    32.00 MiB ->    13.12 MiB
[ 103/ 427] blk.7.attn_q.weight                  - [  4096,   8192,      1,      1], type =   bf16, converting to q6_K .. size =    64.00 MiB ->    26.25 MiB
[ 104/ 427] blk.7.attn_q_norm.weight             - [   256,      1,      1,      1], type =    f32, size =    0.001 MiB
[ 105/ 427] blk.7.attn_v.weight                  - [  4096,   1024,      1,      1], type =   bf16, converting to q6_K .. size =     8.00 MiB ->     3.28 MiB
[ 106/ 427] blk.7.ffn_down.weight                - [ 12288,   4096,      1,      1], type =   bf16, converting to q6_K .. size =    96.00 MiB ->    39.38 MiB
[ 107/ 427] blk.7.ffn_gate.weight                - [  4096,  12288,      1,      1], type =   bf16, converting to q6_K .. size =    96.00 MiB ->    39.38 MiB
[ 108/ 427] blk.7.ffn_up.weight                  - [  4096,  12288,      1,      1], type =   bf16, converting to q6_K .. size =    96.00 MiB ->    39.38 MiB
[ 109/ 427] blk.7.post_attention_norm.weight     - [  4096,      1,      1,      1], type =    f32, size =    0.016 MiB
[ 110/ 427] blk.8.attn_gate.weight               - [  4096,   4096,      1,      1], type =   bf16, converting to q6_K .. size =    32.00 MiB ->    13.12 MiB
[ 111/ 427] blk.8.attn_norm.weight               - [  4096,      1,      1,      1], type =    f32, size =    0.016 MiB
[ 112/ 427] blk.8.attn_qkv.weight                - [  4096,   8192,      1,      1], type =   bf16, converting to q6_K .. size =    64.00 MiB ->    26.25 MiB
[ 113/ 427] blk.8.ffn_down.weight                - [ 12288,   4096,      1,      1], type =   bf16, converting to q6_K .. size =    96.00 MiB ->    39.38 MiB
[ 114/ 427] blk.8.ffn_gate.weight                - [  4096,  12288,      1,      1], type =   bf16, converting to q6_K .. size =    96.00 MiB ->    39.38 MiB
[ 115/ 427] blk.8.ffn_up.weight                  - [  4096,  12288,      1,      1], type =   bf16, converting to q6_K .. size =    96.00 MiB ->    39.38 MiB
[ 116/ 427] blk.8.post_attention_norm.weight     - [  4096,      1,      1,      1], type =    f32, size =    0.016 MiB
[ 117/ 427] blk.8.ssm_a                          - [    32,      1,      1,      1], type =    f32, size =    0.000 MiB
[ 118/ 427] blk.8.ssm_alpha.weight               - [  4096,     32,      1,      1], type =   bf16, converting to q6_K .. size =     0.25 MiB ->     0.10 MiB
[ 119/ 427] blk.8.ssm_beta.weight                - [  4096,     32,      1,      1], type =   bf16, converting to q6_K .. size =     0.25 MiB ->     0.10 MiB
[ 120/ 427] blk.8.ssm_conv1d.weight              - [     4,   8192,      1,      1], type =    f32, size =    0.125 MiB
[ 121/ 427] blk.8.ssm_dt.bias                    - [    32,      1,      1,      1], type =    f32, size =    0.000 MiB
[ 122/ 427] blk.8.ssm_norm.weight                - [   128,      1,      1,      1], type =    f32, size =    0.000 MiB
[ 123/ 427] blk.8.ssm_out.weight                 - [  4096,   4096,      1,      1], type =   bf16, converting to q6_K .. size =    32.00 MiB ->    13.12 MiB
[ 124/ 427] blk.9.attn_gate.weight               - [  4096,   4096,      1,      1], type =   bf16, converting to q6_K .. size =    32.00 MiB ->    13.12 MiB
[ 125/ 427] blk.9.attn_norm.weight               - [  4096,      1,      1,      1], type =    f32, size =    0.016 MiB
[ 126/ 427] blk.9.attn_qkv.weight                - [  4096,   8192,      1,      1], type =   bf16, converting to q6_K .. size =    64.00 MiB ->    26.25 MiB
[ 127/ 427] blk.9.ffn_down.weight                - [ 12288,   4096,      1,      1], type =   bf16, converting to q6_K .. size =    96.00 MiB ->    39.38 MiB
[ 128/ 427] blk.9.ffn_gate.weight                - [  4096,  12288,      1,      1], type =   bf16, converting to q6_K .. size =    96.00 MiB ->    39.38 MiB
[ 129/ 427] blk.9.ffn_up.weight                  - [  4096,  12288,      1,      1], type =   bf16, converting to q6_K .. size =    96.00 MiB ->    39.38 MiB
[ 130/ 427] blk.9.post_attention_norm.weight     - [  4096,      1,      1,      1], type =    f32, size =    0.016 MiB
[ 131/ 427] blk.9.ssm_a                          - [    32,      1,      1,      1], type =    f32, size =    0.000 MiB
[ 132/ 427] blk.9.ssm_alpha.weight               - [  4096,     32,      1,      1], type =   bf16, converting to q6_K .. size =     0.25 MiB ->     0.10 MiB
[ 133/ 427] blk.9.ssm_beta.weight                - [  4096,     32,      1,      1], type =   bf16, converting to q6_K .. size =     0.25 MiB ->     0.10 MiB
[ 134/ 427] blk.9.ssm_conv1d.weight              - [     4,   8192,      1,      1], type =    f32, size =    0.125 MiB
[ 135/ 427] blk.9.ssm_dt.bias                    - [    32,      1,      1,      1], type =    f32, size =    0.000 MiB
[ 136/ 427] blk.9.ssm_norm.weight                - [   128,      1,      1,      1], type =    f32, size =    0.000 MiB
[ 137/ 427] blk.9.ssm_out.weight                 - [  4096,   4096,      1,      1], type =   bf16, converting to q6_K .. size =    32.00 MiB ->    13.12 MiB
[ 138/ 427] blk.10.attn_gate.weight              - [  4096,   4096,      1,      1], type =   bf16, converting to q6_K .. size =    32.00 MiB ->    13.12 MiB
[ 139/ 427] blk.10.attn_norm.weight              - [  4096,      1,      1,      1], type =    f32, size =    0.016 MiB
[ 140/ 427] blk.10.attn_qkv.weight               - [  4096,   8192,      1,      1], type =   bf16, converting to q6_K .. size =    64.00 MiB ->    26.25 MiB
[ 141/ 427] blk.10.ffn_down.weight               - [ 12288,   4096,      1,      1], type =   bf16, converting to q6_K .. size =    96.00 MiB ->    39.38 MiB
[ 142/ 427] blk.10.ffn_gate.weight               - [  4096,  12288,      1,      1], type =   bf16, converting to q6_K .. size =    96.00 MiB ->    39.38 MiB
[ 143/ 427] blk.10.ffn_up.weight                 - [  4096,  12288,      1,      1], type =   bf16, converting to q6_K .. size =    96.00 MiB ->    39.38 MiB
[ 144/ 427] blk.10.post_attention_norm.weight    - [  4096,      1,      1,      1], type =    f32, size =    0.016 MiB
[ 145/ 427] blk.10.ssm_a                         - [    32,      1,      1,      1], type =    f32, size =    0.000 MiB
[ 146/ 427] blk.10.ssm_alpha.weight              - [  4096,     32,      1,      1], type =   bf16, converting to q6_K .. size =     0.25 MiB ->     0.10 MiB
[ 147/ 427] blk.10.ssm_beta.weight               - [  4096,     32,      1,      1], type =   bf16, converting to q6_K .. size =     0.25 MiB ->     0.10 MiB
[ 148/ 427] blk.10.ssm_conv1d.weight             - [     4,   8192,      1,      1], type =    f32, size =    0.125 MiB
[ 149/ 427] blk.10.ssm_dt.bias                   - [    32,      1,      1,      1], type =    f32, size =    0.000 MiB
[ 150/ 427] blk.10.ssm_norm.weight               - [   128,      1,      1,      1], type =    f32, size =    0.000 MiB
[ 151/ 427] blk.10.ssm_out.weight                - [  4096,   4096,      1,      1], type =   bf16, converting to q6_K .. size =    32.00 MiB ->    13.12 MiB
[ 152/ 427] blk.11.attn_k.weight                 - [  4096,   1024,      1,      1], type =   bf16, converting to q6_K .. size =     8.00 MiB ->     3.28 MiB
[ 153/ 427] blk.11.attn_k_norm.weight            - [   256,      1,      1,      1], type =    f32, size =    0.001 MiB
[ 154/ 427] blk.11.attn_norm.weight              - [  4096,      1,      1,      1], type =    f32, size =    0.016 MiB
[ 155/ 427] blk.11.attn_output.weight            - [  4096,   4096,      1,      1], type =   bf16, converting to q6_K .. size =    32.00 MiB ->    13.12 MiB
[ 156/ 427] blk.11.attn_q.weight                 - [  4096,   8192,      1,      1], type =   bf16, converting to q6_K .. size =    64.00 MiB ->    26.25 MiB
[ 157/ 427] blk.11.attn_q_norm.weight            - [   256,      1,      1,      1], type =    f32, size =    0.001 MiB
[ 158/ 427] blk.11.attn_v.weight                 - [  4096,   1024,      1,      1], type =   bf16, converting to q6_K .. size =     8.00 MiB ->     3.28 MiB
[ 159/ 427] blk.11.ffn_down.weight               - [ 12288,   4096,      1,      1], type =   bf16, converting to q6_K .. size =    96.00 MiB ->    39.38 MiB
[ 160/ 427] blk.11.ffn_gate.weight               - [  4096,  12288,      1,      1], type =   bf16, converting to q6_K .. size =    96.00 MiB ->    39.38 MiB
[ 161/ 427] blk.11.ffn_up.weight                 - [  4096,  12288,      1,      1], type =   bf16, converting to q6_K .. size =    96.00 MiB ->    39.38 MiB
[ 162/ 427] blk.11.post_attention_norm.weight    - [  4096,      1,      1,      1], type =    f32, size =    0.016 MiB
[ 163/ 427] blk.12.attn_gate.weight              - [  4096,   4096,      1,      1], type =   bf16, converting to q6_K .. size =    32.00 MiB ->    13.12 MiB
[ 164/ 427] blk.12.attn_norm.weight              - [  4096,      1,      1,      1], type =    f32, size =    0.016 MiB
[ 165/ 427] blk.12.attn_qkv.weight               - [  4096,   8192,      1,      1], type =   bf16, converting to q6_K .. size =    64.00 MiB ->    26.25 MiB
[ 166/ 427] blk.12.ffn_down.weight               - [ 12288,   4096,      1,      1], type =   bf16, converting to q6_K .. size =    96.00 MiB ->    39.38 MiB
[ 167/ 427] blk.12.ffn_gate.weight               - [  4096,  12288,      1,      1], type =   bf16, converting to q6_K .. size =    96.00 MiB ->    39.38 MiB
[ 168/ 427] blk.12.ffn_up.weight                 - [  4096,  12288,      1,      1], type =   bf16, converting to q6_K .. size =    96.00 MiB ->    39.38 MiB
[ 169/ 427] blk.12.post_attention_norm.weight    - [  4096,      1,      1,      1], type =    f32, size =    0.016 MiB
[ 170/ 427] blk.12.ssm_a                         - [    32,      1,      1,      1], type =    f32, size =    0.000 MiB
[ 171/ 427] blk.12.ssm_alpha.weight              - [  4096,     32,      1,      1], type =   bf16, converting to q6_K .. size =     0.25 MiB ->     0.10 MiB
[ 172/ 427] blk.12.ssm_beta.weight               - [  4096,     32,      1,      1], type =   bf16, converting to q6_K .. size =     0.25 MiB ->     0.10 MiB
[ 173/ 427] blk.12.ssm_conv1d.weight             - [     4,   8192,      1,      1], type =    f32, size =    0.125 MiB
[ 174/ 427] blk.12.ssm_dt.bias                   - [    32,      1,      1,      1], type =    f32, size =    0.000 MiB
[ 175/ 427] blk.12.ssm_norm.weight               - [   128,      1,      1,      1], type =    f32, size =    0.000 MiB
[ 176/ 427] blk.12.ssm_out.weight                - [  4096,   4096,      1,      1], type =   bf16, converting to q6_K .. size =    32.00 MiB ->    13.12 MiB
[ 177/ 427] blk.13.attn_gate.weight              - [  4096,   4096,      1,      1], type =   bf16, converting to q6_K .. size =    32.00 MiB ->    13.12 MiB
[ 178/ 427] blk.13.attn_norm.weight              - [  4096,      1,      1,      1], type =    f32, size =    0.016 MiB
[ 179/ 427] blk.13.attn_qkv.weight               - [  4096,   8192,      1,      1], type =   bf16, converting to q6_K .. size =    64.00 MiB ->    26.25 MiB
[ 180/ 427] blk.13.ffn_down.weight               - [ 12288,   4096,      1,      1], type =   bf16, converting to q6_K .. size =    96.00 MiB ->    39.38 MiB
[ 181/ 427] blk.13.ffn_gate.weight               - [  4096,  12288,      1,      1], type =   bf16, converting to q6_K .. size =    96.00 MiB ->    39.38 MiB
[ 182/ 427] blk.13.ffn_up.weight                 - [  4096,  12288,      1,      1], type =   bf16, converting to q6_K .. size =    96.00 MiB ->    39.38 MiB
[ 183/ 427] blk.13.post_attention_norm.weight    - [  4096,      1,      1,      1], type =    f32, size =    0.016 MiB
[ 184/ 427] blk.13.ssm_a                         - [    32,      1,      1,      1], type =    f32, size =    0.000 MiB
[ 185/ 427] blk.13.ssm_alpha.weight              - [  4096,     32,      1,      1], type =   bf16, converting to q6_K .. size =     0.25 MiB ->     0.10 MiB
[ 186/ 427] blk.13.ssm_beta.weight               - [  4096,     32,      1,      1], type =   bf16, converting to q6_K .. size =     0.25 MiB ->     0.10 MiB
[ 187/ 427] blk.13.ssm_conv1d.weight             - [     4,   8192,      1,      1], type =    f32, size =    0.125 MiB
[ 188/ 427] blk.13.ssm_dt.bias                   - [    32,      1,      1,      1], type =    f32, size =    0.000 MiB
[ 189/ 427] blk.13.ssm_norm.weight               - [   128,      1,      1,      1], type =    f32, size =    0.000 MiB
[ 190/ 427] blk.13.ssm_out.weight                - [  4096,   4096,      1,      1], type =   bf16, converting to q6_K .. size =    32.00 MiB ->    13.12 MiB
[ 191/ 427] blk.14.attn_gate.weight              - [  4096,   4096,      1,      1], type =   bf16, converting to q6_K .. size =    32.00 MiB ->    13.12 MiB
[ 192/ 427] blk.14.attn_norm.weight              - [  4096,      1,      1,      1], type =    f32, size =    0.016 MiB
[ 193/ 427] blk.14.attn_qkv.weight               - [  4096,   8192,      1,      1], type =   bf16, converting to q6_K .. size =    64.00 MiB ->    26.25 MiB
[ 194/ 427] blk.14.ffn_down.weight               - [ 12288,   4096,      1,      1], type =   bf16, converting to q6_K .. size =    96.00 MiB ->    39.38 MiB
[ 195/ 427] blk.14.ffn_gate.weight               - [  4096,  12288,      1,      1], type =   bf16, converting to q6_K .. size =    96.00 MiB ->    39.38 MiB
[ 196/ 427] blk.14.ffn_up.weight                 - [  4096,  12288,      1,      1], type =   bf16, converting to q6_K .. size =    96.00 MiB ->    39.38 MiB
[ 197/ 427] blk.14.post_attention_norm.weight    - [  4096,      1,      1,      1], type =    f32, size =    0.016 MiB
[ 198/ 427] blk.14.ssm_a                         - [    32,      1,      1,      1], type =    f32, size =    0.000 MiB
[ 199/ 427] blk.14.ssm_alpha.weight              - [  4096,     32,      1,      1], type =   bf16, converting to q6_K .. size =     0.25 MiB ->     0.10 MiB
[ 200/ 427] blk.14.ssm_beta.weight               - [  4096,     32,      1,      1], type =   bf16, converting to q6_K .. size =     0.25 MiB ->     0.10 MiB
[ 201/ 427] blk.14.ssm_conv1d.weight             - [     4,   8192,      1,      1], type =    f32, size =    0.125 MiB
[ 202/ 427] blk.14.ssm_dt.bias                   - [    32,      1,      1,      1], type =    f32, size =    0.000 MiB
[ 203/ 427] blk.14.ssm_norm.weight               - [   128,      1,      1,      1], type =    f32, size =    0.000 MiB
[ 204/ 427] blk.14.ssm_out.weight                - [  4096,   4096,      1,      1], type =   bf16, converting to q6_K .. size =    32.00 MiB ->    13.12 MiB
[ 205/ 427] blk.15.attn_k.weight                 - [  4096,   1024,      1,      1], type =   bf16, converting to q6_K .. size =     8.00 MiB ->     3.28 MiB
[ 206/ 427] blk.15.attn_k_norm.weight            - [   256,      1,      1,      1], type =    f32, size =    0.001 MiB
[ 207/ 427] blk.15.attn_norm.weight              - [  4096,      1,      1,      1], type =    f32, size =    0.016 MiB
[ 208/ 427] blk.15.attn_output.weight            - [  4096,   4096,      1,      1], type =   bf16, converting to q6_K .. size =    32.00 MiB ->    13.12 MiB
[ 209/ 427] blk.15.attn_q.weight                 - [  4096,   8192,      1,      1], type =   bf16, converting to q6_K .. size =    64.00 MiB ->    26.25 MiB
[ 210/ 427] blk.15.attn_q_norm.weight            - [   256,      1,      1,      1], type =    f32, size =    0.001 MiB
[ 211/ 427] blk.15.attn_v.weight                 - [  4096,   1024,      1,      1], type =   bf16, converting to q6_K .. size =     8.00 MiB ->     3.28 MiB
[ 212/ 427] blk.15.ffn_down.weight               - [ 12288,   4096,      1,      1], type =   bf16, converting to q6_K .. size =    96.00 MiB ->    39.38 MiB
[ 213/ 427] blk.15.ffn_gate.weight               - [  4096,  12288,      1,      1], type =   bf16, converting to q6_K .. size =    96.00 MiB ->    39.38 MiB
[ 214/ 427] blk.15.ffn_up.weight                 - [  4096,  12288,      1,      1], type =   bf16, converting to q6_K .. size =    96.00 MiB ->    39.38 MiB
[ 215/ 427] blk.15.post_attention_norm.weight    - [  4096,      1,      1,      1], type =    f32, size =    0.016 MiB
[ 216/ 427] blk.16.attn_gate.weight              - [  4096,   4096,      1,      1], type =   bf16, converting to q6_K .. size =    32.00 MiB ->    13.12 MiB
[ 217/ 427] blk.16.attn_norm.weight              - [  4096,      1,      1,      1], type =    f32, size =    0.016 MiB
[ 218/ 427] blk.16.attn_qkv.weight               - [  4096,   8192,      1,      1], type =   bf16, converting to q6_K .. size =    64.00 MiB ->    26.25 MiB
[ 219/ 427] blk.16.ffn_down.weight               - [ 12288,   4096,      1,      1], type =   bf16, converting to q6_K .. size =    96.00 MiB ->    39.38 MiB
[ 220/ 427] blk.16.ffn_gate.weight               - [  4096,  12288,      1,      1], type =   bf16, converting to q6_K .. size =    96.00 MiB ->    39.38 MiB
[ 221/ 427] blk.16.ffn_up.weight                 - [  4096,  12288,      1,      1], type =   bf16, converting to q6_K .. size =    96.00 MiB ->    39.38 MiB
[ 222/ 427] blk.16.post_attention_norm.weight    - [  4096,      1,      1,      1], type =    f32, size =    0.016 MiB
[ 223/ 427] blk.16.ssm_a                         - [    32,      1,      1,      1], type =    f32, size =    0.000 MiB
[ 224/ 427] blk.16.ssm_alpha.weight              - [  4096,     32,      1,      1], type =   bf16, converting to q6_K .. size =     0.25 MiB ->     0.10 MiB
[ 225/ 427] blk.16.ssm_beta.weight               - [  4096,     32,      1,      1], type =   bf16, converting to q6_K .. size =     0.25 MiB ->     0.10 MiB
[ 226/ 427] blk.16.ssm_conv1d.weight             - [     4,   8192,      1,      1], type =    f32, size =    0.125 MiB
[ 227/ 427] blk.16.ssm_dt.bias                   - [    32,      1,      1,      1], type =    f32, size =    0.000 MiB
[ 228/ 427] blk.16.ssm_norm.weight               - [   128,      1,      1,      1], type =    f32, size =    0.000 MiB
[ 229/ 427] blk.16.ssm_out.weight                - [  4096,   4096,      1,      1], type =   bf16, converting to q6_K .. size =    32.00 MiB ->    13.12 MiB
[ 230/ 427] blk.17.attn_gate.weight              - [  4096,   4096,      1,      1], type =   bf16, converting to q6_K .. size =    32.00 MiB ->    13.12 MiB
[ 231/ 427] blk.17.attn_norm.weight              - [  4096,      1,      1,      1], type =    f32, size =    0.016 MiB
[ 232/ 427] blk.17.attn_qkv.weight               - [  4096,   8192,      1,      1], type =   bf16, converting to q6_K .. size =    64.00 MiB ->    26.25 MiB
[ 233/ 427] blk.17.ffn_down.weight               - [ 12288,   4096,      1,      1], type =   bf16, converting to q6_K .. size =    96.00 MiB ->    39.38 MiB
[ 234/ 427] blk.17.ffn_gate.weight               - [  4096,  12288,      1,      1], type =   bf16, converting to q6_K .. size =    96.00 MiB ->    39.38 MiB
[ 235/ 427] blk.17.ffn_up.weight                 - [  4096,  12288,      1,      1], type =   bf16, converting to q6_K .. size =    96.00 MiB ->    39.38 MiB
[ 236/ 427] blk.17.post_attention_norm.weight    - [  4096,      1,      1,      1], type =    f32, size =    0.016 MiB
[ 237/ 427] blk.17.ssm_a                         - [    32,      1,      1,      1], type =    f32, size =    0.000 MiB
[ 238/ 427] blk.17.ssm_alpha.weight              - [  4096,     32,      1,      1], type =   bf16, converting to q6_K .. size =     0.25 MiB ->     0.10 MiB
[ 239/ 427] blk.17.ssm_beta.weight               - [  4096,     32,      1,      1], type =   bf16, converting to q6_K .. size =     0.25 MiB ->     0.10 MiB
[ 240/ 427] blk.17.ssm_conv1d.weight             - [     4,   8192,      1,      1], type =    f32, size =    0.125 MiB
[ 241/ 427] blk.17.ssm_dt.bias                   - [    32,      1,      1,      1], type =    f32, size =    0.000 MiB
[ 242/ 427] blk.17.ssm_norm.weight               - [   128,      1,      1,      1], type =    f32, size =    0.000 MiB
[ 243/ 427] blk.17.ssm_out.weight                - [  4096,   4096,      1,      1], type =   bf16, converting to q6_K .. size =    32.00 MiB ->    13.12 MiB
[ 244/ 427] blk.18.attn_gate.weight              - [  4096,   4096,      1,      1], type =   bf16, converting to q6_K .. size =    32.00 MiB ->    13.12 MiB
[ 245/ 427] blk.18.attn_norm.weight              - [  4096,      1,      1,      1], type =    f32, size =    0.016 MiB
[ 246/ 427] blk.18.attn_qkv.weight               - [  4096,   8192,      1,      1], type =   bf16, converting to q6_K .. size =    64.00 MiB ->    26.25 MiB
[ 247/ 427] blk.18.ffn_down.weight               - [ 12288,   4096,      1,      1], type =   bf16, converting to q6_K .. size =    96.00 MiB ->    39.38 MiB
[ 248/ 427] blk.18.ffn_gate.weight               - [  4096,  12288,      1,      1], type =   bf16, converting to q6_K .. size =    96.00 MiB ->    39.38 MiB
[ 249/ 427] blk.18.ffn_up.weight                 - [  4096,  12288,      1,      1], type =   bf16, converting to q6_K .. size =    96.00 MiB ->    39.38 MiB
[ 250/ 427] blk.18.post_attention_norm.weight    - [  4096,      1,      1,      1], type =    f32, size =    0.016 MiB
[ 251/ 427] blk.18.ssm_a                         - [    32,      1,      1,      1], type =    f32, size =    0.000 MiB
[ 252/ 427] blk.18.ssm_alpha.weight              - [  4096,     32,      1,      1], type =   bf16, converting to q6_K .. size =     0.25 MiB ->     0.10 MiB
[ 253/ 427] blk.18.ssm_beta.weight               - [  4096,     32,      1,      1], type =   bf16, converting to q6_K .. size =     0.25 MiB ->     0.10 MiB
[ 254/ 427] blk.18.ssm_conv1d.weight             - [     4,   8192,      1,      1], type =    f32, size =    0.125 MiB
[ 255/ 427] blk.18.ssm_dt.bias                   - [    32,      1,      1,      1], type =    f32, size =    0.000 MiB
[ 256/ 427] blk.18.ssm_norm.weight               - [   128,      1,      1,      1], type =    f32, size =    0.000 MiB
[ 257/ 427] blk.18.ssm_out.weight                - [  4096,   4096,      1,      1], type =   bf16, converting to q6_K .. size =    32.00 MiB ->    13.12 MiB
[ 258/ 427] blk.19.attn_k.weight                 - [  4096,   1024,      1,      1], type =   bf16, converting to q6_K .. size =     8.00 MiB ->     3.28 MiB
[ 259/ 427] blk.19.attn_k_norm.weight            - [   256,      1,      1,      1], type =    f32, size =    0.001 MiB
[ 260/ 427] blk.19.attn_norm.weight              - [  4096,      1,      1,      1], type =    f32, size =    0.016 MiB
[ 261/ 427] blk.19.attn_output.weight            - [  4096,   4096,      1,      1], type =   bf16, converting to q6_K .. size =    32.00 MiB ->    13.12 MiB
[ 262/ 427] blk.19.attn_q.weight                 - [  4096,   8192,      1,      1], type =   bf16, converting to q6_K .. size =    64.00 MiB ->    26.25 MiB
[ 263/ 427] blk.19.attn_q_norm.weight            - [   256,      1,      1,      1], type =    f32, size =    0.001 MiB
[ 264/ 427] blk.19.attn_v.weight                 - [  4096,   1024,      1,      1], type =   bf16, converting to q6_K .. size =     8.00 MiB ->     3.28 MiB
[ 265/ 427] blk.19.ffn_down.weight               - [ 12288,   4096,      1,      1], type =   bf16, converting to q6_K .. size =    96.00 MiB ->    39.38 MiB
[ 266/ 427] blk.19.ffn_gate.weight               - [  4096,  12288,      1,      1], type =   bf16, converting to q6_K .. size =    96.00 MiB ->    39.38 MiB
[ 267/ 427] blk.19.ffn_up.weight                 - [  4096,  12288,      1,      1], type =   bf16, converting to q6_K .. size =    96.00 MiB ->    39.38 MiB
[ 268/ 427] blk.19.post_attention_norm.weight    - [  4096,      1,      1,      1], type =    f32, size =    0.016 MiB
[ 269/ 427] blk.20.attn_gate.weight              - [  4096,   4096,      1,      1], type =   bf16, converting to q6_K .. size =    32.00 MiB ->    13.12 MiB
[ 270/ 427] blk.20.attn_norm.weight              - [  4096,      1,      1,      1], type =    f32, size =    0.016 MiB
[ 271/ 427] blk.20.attn_qkv.weight               - [  4096,   8192,      1,      1], type =   bf16, converting to q6_K .. size =    64.00 MiB ->    26.25 MiB
[ 272/ 427] blk.20.ffn_down.weight               - [ 12288,   4096,      1,      1], type =   bf16, converting to q6_K .. size =    96.00 MiB ->    39.38 MiB
[ 273/ 427] blk.20.ffn_gate.weight               - [  4096,  12288,      1,      1], type =   bf16, converting to q6_K .. size =    96.00 MiB ->    39.38 MiB
[ 274/ 427] blk.20.ffn_up.weight                 - [  4096,  12288,      1,      1], type =   bf16, converting to q6_K .. size =    96.00 MiB ->    39.38 MiB
[ 275/ 427] blk.20.post_attention_norm.weight    - [  4096,      1,      1,      1], type =    f32, size =    0.016 MiB
[ 276/ 427] blk.20.ssm_a                         - [    32,      1,      1,      1], type =    f32, size =    0.000 MiB
[ 277/ 427] blk.20.ssm_alpha.weight              - [  4096,     32,      1,      1], type =   bf16, converting to q6_K .. size =     0.25 MiB ->     0.10 MiB
[ 278/ 427] blk.20.ssm_beta.weight               - [  4096,     32,      1,      1], type =   bf16, converting to q6_K .. size =     0.25 MiB ->     0.10 MiB
[ 279/ 427] blk.20.ssm_conv1d.weight             - [     4,   8192,      1,      1], type =    f32, size =    0.125 MiB
[ 280/ 427] blk.20.ssm_dt.bias                   - [    32,      1,      1,      1], type =    f32, size =    0.000 MiB
[ 281/ 427] blk.20.ssm_norm.weight               - [   128,      1,      1,      1], type =    f32, size =    0.000 MiB
[ 282/ 427] blk.20.ssm_out.weight                - [  4096,   4096,      1,      1], type =   bf16, converting to q6_K .. size =    32.00 MiB ->    13.12 MiB
[ 283/ 427] blk.21.attn_gate.weight              - [  4096,   4096,      1,      1], type =   bf16, converting to q6_K .. size =    32.00 MiB ->    13.12 MiB
[ 284/ 427] blk.21.attn_norm.weight              - [  4096,      1,      1,      1], type =    f32, size =    0.016 MiB
[ 285/ 427] blk.21.attn_qkv.weight               - [  4096,   8192,      1,      1], type =   bf16, converting to q6_K .. size =    64.00 MiB ->    26.25 MiB
[ 286/ 427] blk.21.ffn_down.weight               - [ 12288,   4096,      1,      1], type =   bf16, converting to q6_K .. size =    96.00 MiB ->    39.38 MiB
[ 287/ 427] blk.21.ffn_gate.weight               - [  4096,  12288,      1,      1], type =   bf16, converting to q6_K .. size =    96.00 MiB ->    39.38 MiB
[ 288/ 427] blk.21.ffn_up.weight                 - [  4096,  12288,      1,      1], type =   bf16, converting to q6_K .. size =    96.00 MiB ->    39.38 MiB
[ 289/ 427] blk.21.post_attention_norm.weight    - [  4096,      1,      1,      1], type =    f32, size =    0.016 MiB
[ 290/ 427] blk.21.ssm_a                         - [    32,      1,      1,      1], type =    f32, size =    0.000 MiB
[ 291/ 427] blk.21.ssm_alpha.weight              - [  4096,     32,      1,      1], type =   bf16, converting to q6_K .. size =     0.25 MiB ->     0.10 MiB
[ 292/ 427] blk.21.ssm_beta.weight               - [  4096,     32,      1,      1], type =   bf16, converting to q6_K .. size =     0.25 MiB ->     0.10 MiB
[ 293/ 427] blk.21.ssm_conv1d.weight             - [     4,   8192,      1,      1], type =    f32, size =    0.125 MiB
[ 294/ 427] blk.21.ssm_dt.bias                   - [    32,      1,      1,      1], type =    f32, size =    0.000 MiB
[ 295/ 427] blk.21.ssm_norm.weight               - [   128,      1,      1,      1], type =    f32, size =    0.000 MiB
[ 296/ 427] blk.21.ssm_out.weight                - [  4096,   4096,      1,      1], type =   bf16, converting to q6_K .. size =    32.00 MiB ->    13.12 MiB
[ 297/ 427] blk.22.attn_gate.weight              - [  4096,   4096,      1,      1], type =   bf16, converting to q6_K .. size =    32.00 MiB ->    13.12 MiB
[ 298/ 427] blk.22.attn_norm.weight              - [  4096,      1,      1,      1], type =    f32, size =    0.016 MiB
[ 299/ 427] blk.22.attn_qkv.weight               - [  4096,   8192,      1,      1], type =   bf16, converting to q6_K .. size =    64.00 MiB ->    26.25 MiB
[ 300/ 427] blk.22.ffn_down.weight               - [ 12288,   4096,      1,      1], type =   bf16, converting to q6_K .. size =    96.00 MiB ->    39.38 MiB
[ 301/ 427] blk.22.ffn_gate.weight               - [  4096,  12288,      1,      1], type =   bf16, converting to q6_K .. size =    96.00 MiB ->    39.38 MiB
[ 302/ 427] blk.22.ffn_up.weight                 - [  4096,  12288,      1,      1], type =   bf16, converting to q6_K .. size =    96.00 MiB ->    39.38 MiB
[ 303/ 427] blk.22.post_attention_norm.weight    - [  4096,      1,      1,      1], type =    f32, size =    0.016 MiB
[ 304/ 427] blk.22.ssm_a                         - [    32,      1,      1,      1], type =    f32, size =    0.000 MiB
[ 305/ 427] blk.22.ssm_alpha.weight              - [  4096,     32,      1,      1], type =   bf16, converting to q6_K .. size =     0.25 MiB ->     0.10 MiB
[ 306/ 427] blk.22.ssm_beta.weight               - [  4096,     32,      1,      1], type =   bf16, converting to q6_K .. size =     0.25 MiB ->     0.10 MiB
[ 307/ 427] blk.22.ssm_conv1d.weight             - [     4,   8192,      1,      1], type =    f32, size =    0.125 MiB
[ 308/ 427] blk.22.ssm_dt.bias                   - [    32,      1,      1,      1], type =    f32, size =    0.000 MiB
[ 309/ 427] blk.22.ssm_norm.weight               - [   128,      1,      1,      1], type =    f32, size =    0.000 MiB
[ 310/ 427] blk.22.ssm_out.weight                - [  4096,   4096,      1,      1], type =   bf16, converting to q6_K .. size =    32.00 MiB ->    13.12 MiB
[ 311/ 427] blk.23.attn_k.weight                 - [  4096,   1024,      1,      1], type =   bf16, converting to q6_K .. size =     8.00 MiB ->     3.28 MiB
[ 312/ 427] blk.23.attn_k_norm.weight            - [   256,      1,      1,      1], type =    f32, size =    0.001 MiB
[ 313/ 427] blk.23.attn_norm.weight              - [  4096,      1,      1,      1], type =    f32, size =    0.016 MiB
[ 314/ 427] blk.23.attn_output.weight            - [  4096,   4096,      1,      1], type =   bf16, converting to q6_K .. size =    32.00 MiB ->    13.12 MiB
[ 315/ 427] blk.23.attn_q.weight                 - [  4096,   8192,      1,      1], type =   bf16, converting to q6_K .. size =    64.00 MiB ->    26.25 MiB
[ 316/ 427] blk.23.attn_q_norm.weight            - [   256,      1,      1,      1], type =    f32, size =    0.001 MiB
[ 317/ 427] blk.23.attn_v.weight                 - [  4096,   1024,      1,      1], type =   bf16, converting to q6_K .. size =     8.00 MiB ->     3.28 MiB
[ 318/ 427] blk.23.ffn_down.weight               - [ 12288,   4096,      1,      1], type =   bf16, converting to q6_K .. size =    96.00 MiB ->    39.38 MiB
[ 319/ 427] blk.23.ffn_gate.weight               - [  4096,  12288,      1,      1], type =   bf16, converting to q6_K .. size =    96.00 MiB ->    39.38 MiB
[ 320/ 427] blk.23.ffn_up.weight                 - [  4096,  12288,      1,      1], type =   bf16, converting to q6_K .. size =    96.00 MiB ->    39.38 MiB
[ 321/ 427] blk.23.post_attention_norm.weight    - [  4096,      1,      1,      1], type =    f32, size =    0.016 MiB
[ 322/ 427] blk.24.attn_gate.weight              - [  4096,   4096,      1,      1], type =   bf16, converting to q6_K .. size =    32.00 MiB ->    13.12 MiB
[ 323/ 427] blk.24.attn_norm.weight              - [  4096,      1,      1,      1], type =    f32, size =    0.016 MiB
[ 324/ 427] blk.24.attn_qkv.weight               - [  4096,   8192,      1,      1], type =   bf16, converting to q6_K .. size =    64.00 MiB ->    26.25 MiB
[ 325/ 427] blk.24.ffn_down.weight               - [ 12288,   4096,      1,      1], type =   bf16, converting to q6_K .. size =    96.00 MiB ->    39.38 MiB
[ 326/ 427] blk.24.ffn_gate.weight               - [  4096,  12288,      1,      1], type =   bf16, converting to q6_K .. size =    96.00 MiB ->    39.38 MiB
[ 327/ 427] blk.24.ffn_up.weight                 - [  4096,  12288,      1,      1], type =   bf16, converting to q6_K .. size =    96.00 MiB ->    39.38 MiB
[ 328/ 427] blk.24.post_attention_norm.weight    - [  4096,      1,      1,      1], type =    f32, size =    0.016 MiB
[ 329/ 427] blk.24.ssm_a                         - [    32,      1,      1,      1], type =    f32, size =    0.000 MiB
[ 330/ 427] blk.24.ssm_alpha.weight              - [  4096,     32,      1,      1], type =   bf16, converting to q6_K .. size =     0.25 MiB ->     0.10 MiB
[ 331/ 427] blk.24.ssm_beta.weight               - [  4096,     32,      1,      1], type =   bf16, converting to q6_K .. size =     0.25 MiB ->     0.10 MiB
[ 332/ 427] blk.24.ssm_conv1d.weight             - [     4,   8192,      1,      1], type =    f32, size =    0.125 MiB
[ 333/ 427] blk.24.ssm_dt.bias                   - [    32,      1,      1,      1], type =    f32, size =    0.000 MiB
[ 334/ 427] blk.24.ssm_norm.weight               - [   128,      1,      1,      1], type =    f32, size =    0.000 MiB
[ 335/ 427] blk.24.ssm_out.weight                - [  4096,   4096,      1,      1], type =   bf16, converting to q6_K .. size =    32.00 MiB ->    13.12 MiB
[ 336/ 427] blk.25.attn_gate.weight              - [  4096,   4096,      1,      1], type =   bf16, converting to q6_K .. size =    32.00 MiB ->    13.12 MiB
[ 337/ 427] blk.25.attn_norm.weight              - [  4096,      1,      1,      1], type =    f32, size =    0.016 MiB
[ 338/ 427] blk.25.attn_qkv.weight               - [  4096,   8192,      1,      1], type =   bf16, converting to q6_K .. size =    64.00 MiB ->    26.25 MiB
[ 339/ 427] blk.25.ffn_down.weight               - [ 12288,   4096,      1,      1], type =   bf16, converting to q6_K .. size =    96.00 MiB ->    39.38 MiB
[ 340/ 427] blk.25.ffn_gate.weight               - [  4096,  12288,      1,      1], type =   bf16, converting to q6_K .. size =    96.00 MiB ->    39.38 MiB
[ 341/ 427] blk.25.ffn_up.weight                 - [  4096,  12288,      1,      1], type =   bf16, converting to q6_K .. size =    96.00 MiB ->    39.38 MiB
[ 342/ 427] blk.25.post_attention_norm.weight    - [  4096,      1,      1,      1], type =    f32, size =    0.016 MiB
[ 343/ 427] blk.25.ssm_a                         - [    32,      1,      1,      1], type =    f32, size =    0.000 MiB
[ 344/ 427] blk.25.ssm_alpha.weight              - [  4096,     32,      1,      1], type =   bf16, converting to q6_K .. size =     0.25 MiB ->     0.10 MiB
[ 345/ 427] blk.25.ssm_beta.weight               - [  4096,     32,      1,      1], type =   bf16, converting to q6_K .. size =     0.25 MiB ->     0.10 MiB
[ 346/ 427] blk.25.ssm_conv1d.weight             - [     4,   8192,      1,      1], type =    f32, size =    0.125 MiB
[ 347/ 427] blk.25.ssm_dt.bias                   - [    32,      1,      1,      1], type =    f32, size =    0.000 MiB
[ 348/ 427] blk.25.ssm_norm.weight               - [   128,      1,      1,      1], type =    f32, size =    0.000 MiB
[ 349/ 427] blk.25.ssm_out.weight                - [  4096,   4096,      1,      1], type =   bf16, converting to q6_K .. size =    32.00 MiB ->    13.12 MiB
[ 350/ 427] blk.26.attn_gate.weight              - [  4096,   4096,      1,      1], type =   bf16, converting to q6_K .. size =    32.00 MiB ->    13.12 MiB
[ 351/ 427] blk.26.attn_norm.weight              - [  4096,      1,      1,      1], type =    f32, size =    0.016 MiB
[ 352/ 427] blk.26.attn_qkv.weight               - [  4096,   8192,      1,      1], type =   bf16, converting to q6_K .. size =    64.00 MiB ->    26.25 MiB
[ 353/ 427] blk.26.ffn_down.weight               - [ 12288,   4096,      1,      1], type =   bf16, converting to q6_K .. size =    96.00 MiB ->    39.38 MiB
[ 354/ 427] blk.26.ffn_gate.weight               - [  4096,  12288,      1,      1], type =   bf16, converting to q6_K .. size =    96.00 MiB ->    39.38 MiB
[ 355/ 427] blk.26.ffn_up.weight                 - [  4096,  12288,      1,      1], type =   bf16, converting to q6_K .. size =    96.00 MiB ->    39.38 MiB
[ 356/ 427] blk.26.post_attention_norm.weight    - [  4096,      1,      1,      1], type =    f32, size =    0.016 MiB
[ 357/ 427] blk.26.ssm_a                         - [    32,      1,      1,      1], type =    f32, size =    0.000 MiB
[ 358/ 427] blk.26.ssm_alpha.weight              - [  4096,     32,      1,      1], type =   bf16, converting to q6_K .. size =     0.25 MiB ->     0.10 MiB
[ 359/ 427] blk.26.ssm_beta.weight               - [  4096,     32,      1,      1], type =   bf16, converting to q6_K .. size =     0.25 MiB ->     0.10 MiB
[ 360/ 427] blk.26.ssm_conv1d.weight             - [     4,   8192,      1,      1], type =    f32, size =    0.125 MiB
[ 361/ 427] blk.26.ssm_dt.bias                   - [    32,      1,      1,      1], type =    f32, size =    0.000 MiB
[ 362/ 427] blk.26.ssm_norm.weight               - [   128,      1,      1,      1], type =    f32, size =    0.000 MiB
[ 363/ 427] blk.26.ssm_out.weight                - [  4096,   4096,      1,      1], type =   bf16, converting to q6_K .. size =    32.00 MiB ->    13.12 MiB
[ 364/ 427] blk.27.attn_k.weight                 - [  4096,   1024,      1,      1], type =   bf16, converting to q6_K .. size =     8.00 MiB ->     3.28 MiB
[ 365/ 427] blk.27.attn_k_norm.weight            - [   256,      1,      1,      1], type =    f32, size =    0.001 MiB
[ 366/ 427] blk.27.attn_norm.weight              - [  4096,      1,      1,      1], type =    f32, size =    0.016 MiB
[ 367/ 427] blk.27.attn_output.weight            - [  4096,   4096,      1,      1], type =   bf16, converting to q6_K .. size =    32.00 MiB ->    13.12 MiB
[ 368/ 427] blk.27.attn_q.weight                 - [  4096,   8192,      1,      1], type =   bf16, converting to q6_K .. size =    64.00 MiB ->    26.25 MiB
[ 369/ 427] blk.27.attn_q_norm.weight            - [   256,      1,      1,      1], type =    f32, size =    0.001 MiB
[ 370/ 427] blk.27.attn_v.weight                 - [  4096,   1024,      1,      1], type =   bf16, converting to q6_K .. size =     8.00 MiB ->     3.28 MiB
[ 371/ 427] blk.27.ffn_down.weight               - [ 12288,   4096,      1,      1], type =   bf16, converting to q6_K .. size =    96.00 MiB ->    39.38 MiB
[ 372/ 427] blk.27.ffn_gate.weight               - [  4096,  12288,      1,      1], type =   bf16, converting to q6_K .. size =    96.00 MiB ->    39.38 MiB
[ 373/ 427] blk.27.ffn_up.weight                 - [  4096,  12288,      1,      1], type =   bf16, converting to q6_K .. size =    96.00 MiB ->    39.38 MiB
[ 374/ 427] blk.27.post_attention_norm.weight    - [  4096,      1,      1,      1], type =    f32, size =    0.016 MiB
[ 375/ 427] blk.28.attn_gate.weight              - [  4096,   4096,      1,      1], type =   bf16, converting to q6_K .. size =    32.00 MiB ->    13.12 MiB
[ 376/ 427] blk.28.attn_norm.weight              - [  4096,      1,      1,      1], type =    f32, size =    0.016 MiB
[ 377/ 427] blk.28.attn_qkv.weight               - [  4096,   8192,      1,      1], type =   bf16, converting to q6_K .. size =    64.00 MiB ->    26.25 MiB
[ 378/ 427] blk.28.ffn_down.weight               - [ 12288,   4096,      1,      1], type =   bf16, converting to q6_K .. size =    96.00 MiB ->    39.38 MiB
[ 379/ 427] blk.28.ffn_gate.weight               - [  4096,  12288,      1,      1], type =   bf16, converting to q6_K .. size =    96.00 MiB ->    39.38 MiB
[ 380/ 427] blk.28.ffn_up.weight                 - [  4096,  12288,      1,      1], type =   bf16, converting to q6_K .. size =    96.00 MiB ->    39.38 MiB
[ 381/ 427] blk.28.post_attention_norm.weight    - [  4096,      1,      1,      1], type =    f32, size =    0.016 MiB
[ 382/ 427] blk.28.ssm_a                         - [    32,      1,      1,      1], type =    f32, size =    0.000 MiB
[ 383/ 427] blk.28.ssm_alpha.weight              - [  4096,     32,      1,      1], type =   bf16, converting to q6_K .. size =     0.25 MiB ->     0.10 MiB
[ 384/ 427] blk.28.ssm_beta.weight               - [  4096,     32,      1,      1], type =   bf16, converting to q6_K .. size =     0.25 MiB ->     0.10 MiB
[ 385/ 427] blk.28.ssm_conv1d.weight             - [     4,   8192,      1,      1], type =    f32, size =    0.125 MiB
[ 386/ 427] blk.28.ssm_dt.bias                   - [    32,      1,      1,      1], type =    f32, size =    0.000 MiB
[ 387/ 427] blk.28.ssm_norm.weight               - [   128,      1,      1,      1], type =    f32, size =    0.000 MiB
[ 388/ 427] blk.28.ssm_out.weight                - [  4096,   4096,      1,      1], type =   bf16, converting to q6_K .. size =    32.00 MiB ->    13.12 MiB
[ 389/ 427] blk.29.attn_gate.weight              - [  4096,   4096,      1,      1], type =   bf16, converting to q6_K .. size =    32.00 MiB ->    13.12 MiB
[ 390/ 427] blk.29.attn_norm.weight              - [  4096,      1,      1,      1], type =    f32, size =    0.016 MiB
[ 391/ 427] blk.29.attn_qkv.weight               - [  4096,   8192,      1,      1], type =   bf16, converting to q6_K .. size =    64.00 MiB ->    26.25 MiB
[ 392/ 427] blk.29.ffn_down.weight               - [ 12288,   4096,      1,      1], type =   bf16, converting to q6_K .. size =    96.00 MiB ->    39.38 MiB
[ 393/ 427] blk.29.ffn_gate.weight               - [  4096,  12288,      1,      1], type =   bf16, converting to q6_K .. size =    96.00 MiB ->    39.38 MiB
[ 394/ 427] blk.29.ffn_up.weight                 - [  4096,  12288,      1,      1], type =   bf16, converting to q6_K .. size =    96.00 MiB ->    39.38 MiB
[ 395/ 427] blk.29.post_attention_norm.weight    - [  4096,      1,      1,      1], type =    f32, size =    0.016 MiB
[ 396/ 427] blk.29.ssm_a                         - [    32,      1,      1,      1], type =    f32, size =    0.000 MiB
[ 397/ 427] blk.29.ssm_alpha.weight              - [  4096,     32,      1,      1], type =   bf16, converting to q6_K .. size =     0.25 MiB ->     0.10 MiB
[ 398/ 427] blk.29.ssm_beta.weight               - [  4096,     32,      1,      1], type =   bf16, converting to q6_K .. size =     0.25 MiB ->     0.10 MiB
[ 399/ 427] blk.29.ssm_conv1d.weight             - [     4,   8192,      1,      1], type =    f32, size =    0.125 MiB
[ 400/ 427] blk.29.ssm_dt.bias                   - [    32,      1,      1,      1], type =    f32, size =    0.000 MiB
[ 401/ 427] blk.29.ssm_norm.weight               - [   128,      1,      1,      1], type =    f32, size =    0.000 MiB
[ 402/ 427] blk.29.ssm_out.weight                - [  4096,   4096,      1,      1], type =   bf16, converting to q6_K .. size =    32.00 MiB ->    13.12 MiB
[ 403/ 427] blk.30.attn_gate.weight              - [  4096,   4096,      1,      1], type =   bf16, converting to q6_K .. size =    32.00 MiB ->    13.12 MiB
[ 404/ 427] blk.30.attn_norm.weight              - [  4096,      1,      1,      1], type =    f32, size =    0.016 MiB
[ 405/ 427] blk.30.attn_qkv.weight               - [  4096,   8192,      1,      1], type =   bf16, converting to q6_K .. size =    64.00 MiB ->    26.25 MiB
[ 406/ 427] blk.30.ffn_down.weight               - [ 12288,   4096,      1,      1], type =   bf16, converting to q6_K .. size =    96.00 MiB ->    39.38 MiB
[ 407/ 427] blk.30.ffn_gate.weight               - [  4096,  12288,      1,      1], type =   bf16, converting to q6_K .. size =    96.00 MiB ->    39.38 MiB
[ 408/ 427] blk.30.ffn_up.weight                 - [  4096,  12288,      1,      1], type =   bf16, converting to q6_K .. size =    96.00 MiB ->    39.38 MiB
[ 409/ 427] blk.30.post_attention_norm.weight    - [  4096,      1,      1,      1], type =    f32, size =    0.016 MiB
[ 410/ 427] blk.30.ssm_a                         - [    32,      1,      1,      1], type =    f32, size =    0.000 MiB
[ 411/ 427] blk.30.ssm_alpha.weight              - [  4096,     32,      1,      1], type =   bf16, converting to q6_K .. size =     0.25 MiB ->     0.10 MiB
[ 412/ 427] blk.30.ssm_beta.weight               - [  4096,     32,      1,      1], type =   bf16, converting to q6_K .. size =     0.25 MiB ->     0.10 MiB
[ 413/ 427] blk.30.ssm_conv1d.weight             - [     4,   8192,      1,      1], type =    f32, size =    0.125 MiB
[ 414/ 427] blk.30.ssm_dt.bias                   - [    32,      1,      1,      1], type =    f32, size =    0.000 MiB
[ 415/ 427] blk.30.ssm_norm.weight               - [   128,      1,      1,      1], type =    f32, size =    0.000 MiB
[ 416/ 427] blk.30.ssm_out.weight                - [  4096,   4096,      1,      1], type =   bf16, converting to q6_K .. size =    32.00 MiB ->    13.12 MiB
[ 417/ 427] blk.31.attn_k.weight                 - [  4096,   1024,      1,      1], type =   bf16, converting to q6_K .. size =     8.00 MiB ->     3.28 MiB
[ 418/ 427] blk.31.attn_k_norm.weight            - [   256,      1,      1,      1], type =    f32, size =    0.001 MiB
[ 419/ 427] blk.31.attn_norm.weight              - [  4096,      1,      1,      1], type =    f32, size =    0.016 MiB
[ 420/ 427] blk.31.attn_output.weight            - [  4096,   4096,      1,      1], type =   bf16, converting to q6_K .. size =    32.00 MiB ->    13.12 MiB
[ 421/ 427] blk.31.attn_q.weight                 - [  4096,   8192,      1,      1], type =   bf16, converting to q6_K .. size =    64.00 MiB ->    26.25 MiB
[ 422/ 427] blk.31.attn_q_norm.weight            - [   256,      1,      1,      1], type =    f32, size =    0.001 MiB
[ 423/ 427] blk.31.attn_v.weight                 - [  4096,   1024,      1,      1], type =   bf16, converting to q6_K .. size =     8.00 MiB ->     3.28 MiB
[ 424/ 427] blk.31.ffn_down.weight               - [ 12288,   4096,      1,      1], type =   bf16, converting to q6_K .. size =    96.00 MiB ->    39.38 MiB
[ 425/ 427] blk.31.ffn_gate.weight               - [  4096,  12288,      1,      1], type =   bf16, converting to q6_K .. size =    96.00 MiB ->    39.38 MiB
[ 426/ 427] blk.31.ffn_up.weight                 - [  4096,  12288,      1,      1], type =   bf16, converting to q6_K .. size =    96.00 MiB ->    39.38 MiB
[ 427/ 427] blk.31.post_attention_norm.weight    - [  4096,      1,      1,      1], type =    f32, size =    0.016 MiB
llama_model_quantize_impl: model size  = 17080.05 MiB (16.00 BPW)
llama_model_quantize_impl: quant size  =  7007.88 MiB (6.57 BPW)

llama_quantize: quantize time = 172547.40 ms
llama_quantize:    total time = 172547.40 ms
=== Fri Sep 25 17:03:12 CEST 2026 IMATRIX SRIQ on own cal ===
0.01.730.647 W common_fit_params: failed to fit params to free device memory: n_gpu_layers already set by user to 99, abort
0.44.946.502 I cmn          init: llama threadpool init, n_threads = 4
0.44.947.739 I 
0.44.947.835 I system_info: n_threads = 4 (n_threads_batch = 4) / 8 | CUDA : ARCHS = 610 | FORCE_MMQ = 1 | USE_GRAPHS = 1 | FA_QUANTS = all | CPU : SSE3 = 1 | SSSE3 = 1 | AVX = 1 | AVX2 = 1 | F16C = 1 | FMA = 1 | BMI2 = 1 | LLAMAFILE = 1 | OPENMP = 1 | REPACK = 1 | 
0.44.947.842 I compute_imatrix: tokenizing the input ..
0.45.553.809 I compute_imatrix: tokenization took 605.961 ms
0.45.554.529 I compute_imatrix: computing over 792 chunks, n_ctx=512, batch_size=2048, n_seq=4
0.52.805.769 I compute_imatrix: 7.25 seconds per pass - ETA 23.92 minutes
[1]1.7217,[2]2.4431,[3]2.7778,[4]2.7866,[5]2.8907,[6]2.8758,[7]2.8242,[8]2.7472,
[9]2.5714,[10]2.4288,[11]2.3439,[12]2.3065,[13]2.2355,[14]2.3372,[15]2.3189,[16]2.3205,
[17]2.2673,[18]2.2201,[19]2.2501,[20]2.2110,[21]2.1906,[22]2.1435,[23]2.1634,[24]2.1630,[25]2.1851,[26]2.1891,[27]2.1718,[28]2.1334,
[29]2.0926,[30]2.0738,[31]2.0649,[32]2.0601,[33]2.0855,[34]2.0726,[35]2.0908,[36]2.1015,
[37]2.0906,[38]2.0666,[39]2.0912,[40]2.1084,[41]2.1213,[42]2.1480,[43]2.1493,[44]2.1533,[45]2.1567,[46]2.1501,[47]2.2266,[48]2.2153,
[49]2.2831,[50]2.3025,[51]2.3398,[52]2.3332,[53]2.3479,[54]2.3646,[55]2.3798,[56]2.4014,
[57]2.4167,[58]2.4013,[59]2.3938,[60]2.3825,[61]2.3629,[62]2.3953,[63]2.3899,[64]2.3921,[65]2.3875,[66]2.3916,[67]2.3918,[68]2.3925,
[69]2.3699,[70]2.3549,[71]2.3351,[72]2.3503,[73]2.3427,[74]2.3656,[75]2.3545,[76]2.3507,
[77]2.3395,[78]2.3506,[79]2.3693,[80]2.3557,[81]2.3424,[82]2.3421,[83]2.3519,[84]2.3572,[85]2.3539,[86]2.3319,[87]2.3173,[88]2.3175,
[89]2.3165,[90]2.3336,[91]2.3484,[92]2.3506,[93]2.3615,[94]2.3558,[95]2.3501,[96]2.3497,
[97]2.3599,[98]2.3788,[99]2.3840,[100]2.3699,[101]2.3646,[102]2.3594,[103]2.3641,[104]2.3619,[105]2.3651,[106]2.3642,[107]2.3516,[108]2.3456,
[109]2.3482,[110]2.3443,[111]2.3366,[112]2.3401,[113]2.3505,[114]2.3408,[115]2.3399,[116]2.3374,
[117]2.3358,[118]2.3416,[119]2.3463,[120]2.3488,[121]2.3454,[122]2.3402,[123]2.3383,[124]2.3405,[125]2.3510,[126]2.3626,[127]2.3711,[128]2.3861,
[129]2.3862,[130]2.3857,[131]2.3838,[132]2.3766,[133]2.3703,[134]2.3669,[135]2.3699,[136]2.3677,
[137]2.3685,[138]2.3724,[139]2.3803,[140]2.3759,[141]2.3855,[142]2.3896,[143]2.3968,[144]2.3959,[145]2.3981,[146]2.3960,[147]2.3955,[148]2.3990,
[149]2.4010,[150]2.4063,[151]2.3984,[152]2.3989,[153]2.3966,[154]2.3858,[155]2.3895,[156]2.3881,
[157]2.3845,[158]2.3792,[159]2.3759,[160]2.3763,[161]2.3777,[162]2.3717,[163]2.3657,[164]2.3656,[165]2.3597,[166]2.3518,[167]2.3471,[168]2.3421,
[169]2.3350,[170]2.3345,[171]2.3291,[172]2.3333,[173]2.3354,[174]2.3412,[175]2.3421,[176]2.3438,
[177]2.3442,[178]2.3499,[179]2.3444,[180]2.3451,[181]2.3361,[182]2.3342,[183]2.3353,[184]2.3356,[185]2.3307,[186]2.3284,[187]2.3283,[188]2.3243,
[189]2.3293,[190]2.3235,[191]2.3230,[192]2.3235,[193]2.3273,[194]2.3316,[195]2.3316,[196]2.3266,
[197]2.3211,[198]2.3202,[199]2.3178,[200]2.3239,[201]2.3189,[202]2.3174,[203]2.3173,[204]2.3200,[205]2.3243,[206]2.3283,[207]2.3287,[208]2.3324,
[209]2.3348,[210]2.3358,[211]2.3341,[212]2.3330,[213]2.3336,[214]2.3286,[215]2.3282,[216]2.3243,
[217]2.3229,[218]2.3255,[219]2.3199,[220]2.3228,[221]2.3252,[222]2.3248,[223]2.3252,[224]2.3251,[225]2.3239,[226]2.3246,[227]2.3188,[228]2.3183,
[229]2.3184,[230]2.3175,[231]2.3180,[232]2.3122,[233]2.3066,[234]2.3052,[235]2.3089,[236]2.3106,
[237]2.3115,[238]2.3131,[239]2.3146,[240]2.3104,[241]2.3079,[242]2.3037,[243]2.3059,[244]2.3033,[245]2.2998,[246]2.3040,[247]2.3042,[248]2.2996,
[249]2.2985,[250]2.2966,[251]2.2970,[252]2.2924,[253]2.2905,[254]2.2972,[255]2.3058,[256]2.3073,
[257]2.3104,[258]2.3114,[259]2.3094,[260]2.3147,[261]2.3208,[262]2.3275,[263]2.3296,[264]2.3280,[265]2.3246,[266]2.3281,[267]2.3240,[268]2.3202,
[269]2.3196,[270]2.3173,[271]2.3213,[272]2.3263,[273]2.3276,[274]2.3268,[275]2.3292,[276]2.3304,
[277]2.3312,[278]2.3317,[279]2.3270,[280]2.3303,[281]2.3366,[282]2.3326,[283]2.3320,[284]2.3298,[285]2.3317,[286]2.3337,[287]2.3315,[288]2.3327,
[289]2.3303,[290]2.3334,[291]2.3295,[292]2.3290,[293]2.3311,[294]2.3289,[295]2.3289,[296]2.3283,
[297]2.3296,[298]2.3256,[299]2.3226,[300]2.3225,[301]2.3250,[302]2.3224,[303]2.3214,[304]2.3212,[305]2.3236,[306]2.3257,[307]2.3241,[308]2.3208,
[309]2.3272,[310]2.3310,[311]2.3310,[312]2.3346,[313]2.3351,[314]2.3364,[315]2.3362,[316]2.3385,
[317]2.3378,[318]2.3333,[319]2.3324,[320]2.3302,[321]2.3281,[322]2.3347,[323]2.3354,[324]2.3349,[325]2.3342,[326]2.3309,[327]2.3322,[328]2.3359,
[329]2.3353,[330]2.3351,[331]2.3350,[332]2.3367,[333]2.3385,[334]2.3359,[335]2.3338,[336]2.3310,
[337]2.3287,[338]2.3290,[339]2.3313,[340]2.3300,[341]2.3331,[342]2.3390,[343]2.3384,[344]2.3386,[345]2.3388,[346]2.3371,[347]2.3343,[348]2.3310,
[349]2.3279,[350]2.3312,[351]2.3298,[352]2.3286,[353]2.3306,[354]2.3277,[355]2.3325,[356]2.3346,
[357]2.3335,[358]2.3387,[359]2.3383,[360]2.3441,[361]2.3573,[362]2.3583,[363]2.3603,[364]2.3605,[365]2.3595,[366]2.3609,[367]2.3580,[368]2.3558,
[369]2.3550,[370]2.3544,[371]2.3519,[372]2.3501,[373]2.3497,[374]2.3535,[375]2.3534,[376]2.3557,
[377]2.3534,[378]2.3519,[379]2.3506,[380]2.3460,[381]2.3458,[382]2.3457,[383]2.3485,[384]2.3469,[385]2.3449,[386]2.3484,[387]2.3551,[388]2.3559,
[389]2.3563,[390]2.3565,[391]2.3571,[392]2.3565,[393]2.3544,[394]2.3518,[395]2.3514,[396]2.3490,
[397]2.3480,[398]2.3449,[399]2.3431,[400]2.3438,[401]2.3430,[402]2.3441,[403]2.3421,[404]2.3404,[405]2.3382,[406]2.3365,[407]2.3377,[408]2.3385,
[409]2.3397,[410]2.3396,[411]2.3422,[412]2.3415,[413]2.3414,[414]2.3442,[415]2.3480,[416]2.3477,
[417]2.3462,[418]2.3458,[419]2.3487,[420]2.3529,[421]2.3533,[422]2.3501,[423]2.3489,[424]2.3525,[425]2.3510,[426]2.3503,[427]2.3501,[428]2.3498,
[429]2.3485,[430]2.3469,[431]2.3479,[432]2.3479,[433]2.3458,[434]2.3438,[435]2.3440,[436]2.3452,
[437]2.3467,[438]2.3504,[439]2.3517,[440]2.3561,[441]2.3560,[442]2.3565,[443]2.3551,[444]2.3533,[445]2.3530,[446]2.3526,[447]2.3517,[448]2.3505,
[449]2.3494,[450]2.3466,[451]2.3470,[452]2.3458,[453]2.3456,[454]2.3492,[455]2.3498,[456]2.3512,
[457]2.3529,[458]2.3502,[459]2.3500,[460]2.3477,[461]2.3514,[462]2.3512,[463]2.3514,[464]2.3503,[465]2.3512,[466]2.3493,[467]2.3476,[468]2.3456,
[469]2.3475,[470]2.3472,[471]2.3489,[472]2.3497,[473]2.3502,[474]2.3513,[475]2.3482,[476]2.3463,
[477]2.3464,[478]2.3455,[479]2.3440,[480]2.3440,[481]2.3441,[482]2.3431,[483]2.3412,[484]2.3404,[485]2.3384,[486]2.3375,[487]2.3376,[488]2.3357,
[489]2.3338,[490]2.3337,[491]2.3333,[492]2.3336,[493]2.3321,[494]2.3307,[495]2.3292,[496]2.3279,
[497]2.3271,[498]2.3264,[499]2.3261,[500]2.3263,[501]2.3264,[502]2.3253,[503]2.3237,[504]2.3235,[505]2.3235,[506]2.3216,[507]2.3217,[508]2.3214,
[509]2.3208,[510]2.3243,[511]2.3222,[512]2.3241,[513]2.3241,[514]2.3238,[515]2.3227,[516]2.3229,
[517]2.3227,[518]2.3225,[519]2.3203,[520]2.3198,[521]2.3200,[522]2.3178,[523]2.3211,[524]2.3225,[525]2.3256,[526]2.3350,[527]2.3338,[528]2.3327,
[529]2.3330,[530]2.3331,[531]2.3323,[532]2.3303,[533]2.3278,[534]2.3254,[535]2.3251,[536]2.3246,
[537]2.3249,[538]2.3268,[539]2.3285,[540]2.3256,[541]2.3225,[542]2.3233,[543]2.3218,[544]2.3201,[545]2.3204,[546]2.3196,[547]2.3173,[548]2.3162,
[549]2.3169,[550]2.3154,[551]2.3158,[552]2.3135,[553]2.3133,[554]2.3139,[555]2.3138,[556]2.3143,
[557]2.3131,[558]2.3110,[559]2.3118,[560]2.3104,[561]2.3103,[562]2.3107,[563]2.3144,[564]2.3151,[565]2.3148,[566]2.3137,[567]2.3120,[568]2.3157,
[569]2.3160,[570]2.3177,[571]2.3154,[572]2.3210,[573]2.3260,[574]2.3249,[575]2.3226,[576]2.3248,
[577]2.3300,[578]2.3300,[579]2.3317,[580]2.3290,[581]2.3287,[582]2.3281,[583]2.3279,[584]2.3279,[585]2.3282,[586]2.3296,[587]2.3287,[588]2.3285,
[589]2.3282,[590]2.3261,[591]2.3273,[592]2.3259,[593]2.3252,[594]2.3237,[595]2.3215,[596]2.3201,
[597]2.3191,[598]2.3214,[599]2.3224,[600]2.3220,[601]2.3221,[602]2.3227,[603]2.3234,[604]2.3224,[605]2.3235,[606]2.3234,[607]2.3274,[608]2.3266,
[609]2.3254,[610]2.3246,[611]2.3257,[612]2.3246,[613]2.3238,[614]2.3247,[615]2.3242,[616]2.3239,
[617]2.3241,[618]2.3223,[619]2.3211,[620]2.3213,[621]2.3240,[622]2.3246,[623]2.3252,[624]2.3254,[625]2.3247,[626]2.3249,[627]2.3255,[628]2.3254,
[629]2.3248,[630]2.3258,[631]2.3249,[632]2.3240,[633]2.3244,[634]2.3221,[635]2.3227,[636]2.3263,
[637]2.3262,[638]2.3292,[639]2.3362,[640]2.3360,[641]2.3342,[642]2.3351,[643]2.3358,[644]2.3359,[645]2.3353,[646]2.3333,[647]2.3334,[648]2.3323,
[649]2.3311,[650]2.3341,[651]2.3342,[652]2.3351,[653]2.3341,[654]2.3342,[655]2.3336,[656]2.3345,
[657]2.3333,[658]2.3320,[659]2.3343,[660]2.3337,[661]2.3348,[662]2.3338,[663]2.3330,[664]2.3331,[665]2.3344,[666]2.3342,[667]2.3371,[668]2.3364,
[669]2.3356,[670]2.3345,[671]2.3349,[672]2.3381,[673]2.3396,[674]2.3411,[675]2.3419,[676]2.3424,
[677]2.3433,[678]2.3444,[679]2.3432,[680]2.3422,[681]2.3416,[682]2.3405,[683]2.3421,[684]2.3431,[685]2.3453,[686]2.3451,[687]2.3446,[688]2.3448,
[689]2.3438,[690]2.3434,[691]2.3435,[692]2.3422,[693]2.3409,[694]2.3401,[695]2.3394,[696]2.3381,
[697]2.3379,[698]2.3379,[699]2.3388,[700]2.3388,[701]2.3385,[702]2.3382,[703]2.3368,[704]2.3353,[705]2.3361,[706]2.3353,[707]2.3347,[708]2.3347,
[709]2.3370,[710]2.3389,[711]2.3409,[712]2.3431,[713]2.3450,[714]2.3446,[715]2.3457,[716]2.3457,
[717]2.3467,[718]2.3458,[719]2.3479,[720]2.3473,[721]2.3472,[722]2.3480,[723]2.3479,[724]2.3478,[725]2.3474,[726]2.3491,[727]2.3473,[728]2.3465,
[729]2.3446,[730]2.3426,[731]2.3429,[732]2.3421,[733]2.3406,[734]2.3403,[735]2.3402,[736]2.3386,
[737]2.3384,[738]2.3381,[739]2.3376,[740]2.3402,[741]2.3398,[742]2.3401,[743]2.3400,[744]2.3402,[745]2.3411,[746]2.3403,[747]2.3402,[748]2.3400,
[749]2.3410,[750]2.3390,[751]2.3375,[752]2.3377,[753]2.3380,[754]2.3382,[755]2.3383,[756]2.3366,
[757]2.3353,[758]2.3351,[759]2.3347,[760]2.3333,[761]2.3331,[762]2.3335,[763]2.3325,[764]2.3331,[765]2.3326,[766]2.3318,[767]2.3316,[768]2.3295,
[769]2.3303,[770]2.3289,[771]2.3278,[772]2.3284,[773]2.3322,[774]2.3323,[775]2.3324,[776]2.3313,
[777]2.3301,[778]2.3288,[779]2.3292,[780]2.3285,[781]2.3274,[782]2.3271,[783]2.3262,[784]2.3254,[785]2.3239,[786]2.3236,[787]2.3228,[788]2.3227,
[789]2.3230,[790]2.3222,[791]2.3217,[792]2.3200,
Final estimate: PPL = 2.3200 +/- 0.00837


SRIQ-V1-DONE Fri Sep 25 17:26:10 CEST 2026 — Q6 + own imatrix ready, user live-tests next
=== Sat Sep 26 01:18:45 CEST 2026 HE SRIQ-Q6 temp=1.0 ===
serving /mnt/Vsio/Downloads/SRIQ-MIMO-9B-Q6_K.gguf on 28082
battery start: 2026-09-26 01:19:30
[1/164] HumanEval/0 ... OK
[2/164] HumanEval/1 ... OK
[3/164] HumanEval/10 ... OK
[4/164] HumanEval/100 ... OK
[5/164] HumanEval/101 ... OK
[6/164] HumanEval/102 ... OK
[7/164] HumanEval/103 ... OK
[8/164] HumanEval/104 ... OK
[9/164] HumanEval/105 ... OK
[10/164] HumanEval/106 ... OK
[11/164] HumanEval/107 ... OK
[12/164] HumanEval/108 ... OK
[13/164] HumanEval/109 ... OK
[14/164] HumanEval/11 ... OK
[15/164] HumanEval/110 ... OK
[16/164] HumanEval/111 ... OK
[17/164] HumanEval/112 ... OK
[18/164] HumanEval/113 ... OK
[19/164] HumanEval/114 ... OK
[20/164] HumanEval/115 ... OK
[21/164] HumanEval/116 ... OK
[22/164] HumanEval/117 ... OK
[23/164] HumanEval/118 ... OK
[24/164] HumanEval/119 ... OK
[25/164] HumanEval/12 ... OK
[26/164] HumanEval/120 ... OK
[27/164] HumanEval/121 ... OK
[28/164] HumanEval/122 ... OK
[29/164] HumanEval/123 ... OK
[30/164] HumanEval/124 ... OK
[31/164] HumanEval/125 ... OK
[32/164] HumanEval/126 ... OK
[33/164] HumanEval/127 ... OK
[34/164] HumanEval/128 ... OK
[35/164] HumanEval/129 ... OK
[36/164] HumanEval/13 ... OK
[37/164] HumanEval/130 ... OK
[38/164] HumanEval/131 ... OK
[39/164] HumanEval/132 ... OK
[40/164] HumanEval/133 ... OK
[41/164] HumanEval/134 ... OK
[42/164] HumanEval/135 ... OK
[43/164] HumanEval/136 ... OK
[44/164] HumanEval/137 ... OK
[45/164] HumanEval/138 ... OK
[46/164] HumanEval/139 ... OK
[47/164] HumanEval/14 ... OK
[48/164] HumanEval/140 ... OK
[49/164] HumanEval/141 ... OK
[50/164] HumanEval/142 ... OK
[51/164] HumanEval/143 ... OK
[52/164] HumanEval/144 ... OK
[53/164] HumanEval/145 ... OK
[54/164] HumanEval/146 ... OK
[55/164] HumanEval/147 ... OK
[56/164] HumanEval/148 ... OK
[57/164] HumanEval/149 ... OK
[58/164] HumanEval/15 ... OK
[59/164] HumanEval/150 ... ERROR: ('Connection aborted.', RemoteDisconnected('Remote end closed connection without response'))
[60/164] HumanEval/151 ... ERROR: HTTPConnectionPool(host='127.0.0.1', port=28082): Max retries exceeded with url: /v1/chat/completions (Caused by NewConnectionError("HTTPConnection(host='127.0.0.1', port=28082): Failed to establish a new connection: [Errno 111] Connection refused"))
own server killed — GPU free
server died mid-run at task 60/164: HTTPConnectionPool(host='127.0.0.1', port=28082): Max retries exceeded with url: /health (Caused by NewConnectionError("HTTPConnection(host='127.0.0.1', port=28082): Failed to establish a new connection: [Errno 111] Connection refused")). Results so far DISCARDED (not scored).
=== Sat Sep 26 01:37:44 CEST 2026 HE SRIQ-Q6 temp=0.0 ===
serving /mnt/Vsio/Downloads/SRIQ-MIMO-9B-Q6_K.gguf on 28082
battery start: 2026-09-26 01:38:46
[1/164] HumanEval/0 ... OK
[2/164] HumanEval/1 ... OK
[3/164] HumanEval/10 ... OK
[4/164] HumanEval/100 ... OK
[5/164] HumanEval/101 ... OK
[6/164] HumanEval/102 ... OK
[7/164] HumanEval/103 ... OK
[8/164] HumanEval/104 ... OK
[9/164] HumanEval/105 ... OK
[10/164] HumanEval/106 ... OK
[11/164] HumanEval/107 ... OK
[12/164] HumanEval/108 ... OK
[13/164] HumanEval/109 ... OK
[14/164] HumanEval/11 ... OK
[15/164] HumanEval/110 ... OK
[16/164] HumanEval/111 ... OK
[17/164] HumanEval/112 ... OK
[18/164] HumanEval/113 ... OK
[19/164] HumanEval/114 ... OK
[20/164] HumanEval/115 ... OK
[21/164] HumanEval/116 ... OK
[22/164] HumanEval/117 ... OK
[23/164] HumanEval/118 ... OK
[24/164] HumanEval/119 ... OK
[25/164] HumanEval/12 ... OK
[26/164] HumanEval/120 ... OK
[27/164] HumanEval/121 ... OK
[28/164] HumanEval/122 ... OK
[29/164] HumanEval/123 ... OK
[30/164] HumanEval/124 ... OK
[31/164] HumanEval/125 ... OK
[32/164] HumanEval/126 ... OK
[33/164] HumanEval/127 ... OK
[34/164] HumanEval/128 ... OK
[35/164] HumanEval/129 ... OK
[36/164] HumanEval/13 ... OK
[37/164] HumanEval/130 ... OK
[38/164] HumanEval/131 ... OK
[39/164] HumanEval/132 ... OK
[40/164] HumanEval/133 ... OK
[41/164] HumanEval/134 ... OK
[42/164] HumanEval/135 ... OK
[43/164] HumanEval/136 ... OK
[44/164] HumanEval/137 ... OK
[45/164] HumanEval/138 ... OK
[46/164] HumanEval/139 ... OK
[47/164] HumanEval/14 ... OK
[48/164] HumanEval/140 ... OK
[49/164] HumanEval/141 ... OK
[50/164] HumanEval/142 ... OK
[51/164] HumanEval/143 ... OK
[52/164] HumanEval/144 ... OK
[53/164] HumanEval/145 ... OK
[54/164] HumanEval/146 ... OK
[55/164] HumanEval/147 ... OK
[56/164] HumanEval/148 ... OK
[57/164] HumanEval/149 ... OK
[58/164] HumanEval/15 ... OK
[59/164] HumanEval/150 ... OK
[60/164] HumanEval/151 ... OK
[61/164] HumanEval/152 ... OK
[62/164] HumanEval/153 ... OK
[63/164] HumanEval/154 ... OK
[64/164] HumanEval/155 ... OK
[65/164] HumanEval/156 ... OK
[66/164] HumanEval/157 ... OK
[67/164] HumanEval/158 ... OK
[68/164] HumanEval/159 ... OK
[69/164] HumanEval/16 ... OK
[70/164] HumanEval/160 ... OK
[71/164] HumanEval/161 ... OK
[72/164] HumanEval/162 ... OK
[73/164] HumanEval/163 ... OK
[74/164] HumanEval/17 ... OK
[75/164] HumanEval/18 ... OK
[76/164] HumanEval/19 ... OK
[77/164] HumanEval/2 ... OK
[78/164] HumanEval/20 ... OK
[79/164] HumanEval/21 ... OK
[80/164] HumanEval/22 ... OK
[81/164] HumanEval/23 ... OK
[82/164] HumanEval/24 ... OK
[83/164] HumanEval/25 ... OK
[84/164] HumanEval/26 ... OK
[85/164] HumanEval/27 ... OK
[86/164] HumanEval/28 ... OK
[87/164] HumanEval/29 ... OK
[88/164] HumanEval/3 ... OK
[89/164] HumanEval/30 ... OK
[90/164] HumanEval/31 ... OK
[91/164] HumanEval/32 ... OK
[92/164] HumanEval/33 ... OK
[93/164] HumanEval/34 ... OK
[94/164] HumanEval/35 ... OK
[95/164] HumanEval/36 ... OK
[96/164] HumanEval/37 ... OK
[97/164] HumanEval/38 ... OK
[98/164] HumanEval/39 ... OK
[99/164] HumanEval/4 ... OK
[100/164] HumanEval/40 ... OK
[101/164] HumanEval/41 ... OK
[102/164] HumanEval/42 ... OK
[103/164] HumanEval/43 ... OK
[104/164] HumanEval/44 ... OK
[105/164] HumanEval/45 ... OK
[106/164] HumanEval/46 ... OK
[107/164] HumanEval/47 ... OK
[108/164] HumanEval/48 ... OK
[109/164] HumanEval/49 ... OK
[110/164] HumanEval/5 ... OK
[111/164] HumanEval/50 ... OK
[112/164] HumanEval/51 ... OK
[113/164] HumanEval/52 ... OK
[114/164] HumanEval/53 ... OK
[115/164] HumanEval/54 ... OK
[116/164] HumanEval/55 ... OK
[117/164] HumanEval/56 ... OK
[118/164] HumanEval/57 ... OK
[119/164] HumanEval/58 ... OK
[120/164] HumanEval/59 ... OK
[121/164] HumanEval/6 ... OK
[122/164] HumanEval/60 ... OK
[123/164] HumanEval/61 ... OK
[124/164] HumanEval/62 ... OK
[125/164] HumanEval/63 ... OK
[126/164] HumanEval/64 ... OK
[127/164] HumanEval/65 ... OK
[128/164] HumanEval/66 ... OK
[129/164] HumanEval/67 ... OK
[130/164] HumanEval/68 ... OK
[131/164] HumanEval/69 ... OK
[132/164] HumanEval/7 ... OK
[133/164] HumanEval/70 ... OK
[134/164] HumanEval/71 ... OK
[135/164] HumanEval/72 ... OK
[136/164] HumanEval/73 ... OK
[137/164] HumanEval/74 ... OK
[138/164] HumanEval/75 ... OK
[139/164] HumanEval/76 ... OK
[140/164] HumanEval/77 ... OK
[141/164] HumanEval/78 ... OK
[142/164] HumanEval/79 ... OK
[143/164] HumanEval/8 ... OK
[144/164] HumanEval/80 ... OK
[145/164] HumanEval/81 ... OK
[146/164] HumanEval/82 ... OK
[147/164] HumanEval/83 ... OK
[148/164] HumanEval/84 ... OK
[149/164] HumanEval/85 ... OK
[150/164] HumanEval/86 ... OK
[151/164] HumanEval/87 ... OK
[152/164] HumanEval/88 ... OK
[153/164] HumanEval/89 ... OK
[154/164] HumanEval/9 ... OK
[155/164] HumanEval/90 ... OK
[156/164] HumanEval/91 ... OK
[157/164] HumanEval/92 ... OK
[158/164] HumanEval/93 ... OK
[159/164] HumanEval/94 ... OK
[160/164] HumanEval/95 ... OK
[161/164] HumanEval/96 ... OK
[162/164] HumanEval/97 ... OK
[163/164] HumanEval/98 ... OK
[164/164] HumanEval/99 ... OK

Saved 164 to /mnt/Vsio/MERNIK/eval_results/humaneval_sriqq6_t0.jsonl
battery time: 43.6 min (15.9 s/task over 164 tasks)

--- Evaluating pass@1 ---
Reading samples...
0it [00:00, ?it/s]164it [00:00, 56759.29it/s]
Running test suites...
  0%|          | 0/164 [00:00<?, ?it/s]  1%|          | 1/164 [00:00<02:02,  1.33it/s] 10%|█         | 17/164 [00:00<00:05, 25.96it/s] 20%|█▉        | 32/164 [00:00<00:02, 48.33it/s] 28%|██▊       | 46/164 [00:01<00:01, 65.58it/s] 37%|███▋      | 61/164 [00:01<00:01, 84.09it/s] 46%|████▌     | 75/164 [00:01<00:00, 97.06it/s] 54%|█████▍    | 89/164 [00:01<00:00, 106.82it/s] 63%|██████▎   | 103/164 [00:01<00:00, 110.89it/s] 71%|███████   | 116/164 [00:01<00:00, 103.31it/s] 78%|███████▊  | 128/164 [00:01<00:00, 104.55it/s] 85%|████████▌ | 140/164 [00:01<00:00, 102.75it/s] 92%|█████████▏| 151/164 [00:02<00:00, 96.03it/s]  99%|█████████▉| 162/164 [00:02<00:00, 88.67it/s]100%|██████████| 164/164 [00:04<00:00, 36.63it/s]
Writing results to /mnt/Vsio/MERNIK/eval_results/humaneval_sriqq6_t0.jsonl_results.jsonl...
  0%|          | 0/164 [00:00<?, ?it/s]100%|██████████| 164/164 [00:00<00:00, 88711.10it/s]
pass@1: {'pass@1': np.float64(0.7865853658536586)}
own server killed — GPU free
=== Sat Sep 26 02:22:25 CEST 2026 HE+ humaneval_sriqq6_t0.jsonl ===
Load from ground-truth from /home/wepiqx/.cache/evalplus/fe585eb4df8c88d844eeb463ea4d0302.pkl
Reading samples...
0it [00:00, ?it/s]1it [00:00,  1.52it/s]164it [00:00, 237.30it/s]
  0%|          | 0/164 [00:00<?, ?it/s]  1%|          | 1/164 [00:00<02:04,  1.31it/s]  5%|▌         | 9/164 [00:00<00:11, 13.48it/s] 12%|█▏        | 19/164 [00:00<00:05, 28.88it/s] 18%|█▊        | 30/164 [00:01<00:02, 45.08it/s] 24%|██▍       | 39/164 [00:01<00:03, 40.55it/s] 29%|██▊       | 47/164 [00:01<00:02, 46.83it/s] 33%|███▎      | 54/164 [00:01<00:02, 45.37it/s] 37%|███▋      | 60/164 [00:01<00:02, 43.41it/s] 40%|████      | 66/164 [00:01<00:02, 43.39it/s] 43%|████▎     | 71/164 [00:02<00:02, 42.98it/s] 47%|████▋     | 77/164 [00:02<00:01, 45.91it/s] 50%|█████     | 82/164 [00:02<00:01, 45.40it/s] 53%|█████▎    | 87/164 [00:02<00:01, 45.93it/s] 57%|█████▋    | 93/164 [00:02<00:01, 48.02it/s] 60%|█████▉    | 98/164 [00:02<00:01, 34.11it/s] 63%|██████▎   | 103/164 [00:02<00:02, 28.09it/s] 65%|██████▌   | 107/164 [00:03<00:02, 26.46it/s] 68%|██████▊   | 111/164 [00:03<00:01, 27.88it/s] 72%|███████▏  | 118/164 [00:03<00:01, 36.35it/s] 76%|███████▌  | 125/164 [00:03<00:00, 41.50it/s] 79%|███████▉  | 130/164 [00:03<00:00, 42.34it/s] 82%|████████▏ | 135/164 [00:03<00:00, 42.11it/s] 86%|████████▌ | 141/164 [00:03<00:00, 45.84it/s] 90%|████████▉ | 147/164 [00:03<00:00, 48.93it/s] 93%|█████████▎| 153/164 [00:04<00:00, 51.23it/s] 97%|█████████▋| 159/164 [00:04<00:00, 45.13it/s]100%|██████████| 164/164 [00:06<00:00,  7.97it/s]100%|██████████| 164/164 [00:06<00:00, 26.11it/s]
humaneval (base tests)
pass@1:	0.787
humaneval+ (base + extra tests)
pass@1:	0.738
CHAIN-SRIQHE-DONE Sat Sep 26 02:22:48 CEST 2026
=== Sat Sep 26 02:24:10 CEST 2026 HE SRIQ-Q6 temp=1.0 RERUN (clean air) ===
serving /mnt/Vsio/Downloads/SRIQ-MIMO-9B-Q6_K.gguf on 28082
battery start: 2026-09-26 02:24:45
[1/164] HumanEval/0 ... OK
[2/164] HumanEval/1 ... OK
[3/164] HumanEval/10 ... OK
[4/164] HumanEval/100 ... OK
[5/164] HumanEval/101 ... OK
[6/164] HumanEval/102 ... OK
[7/164] HumanEval/103 ... OK
[8/164] HumanEval/104 ... OK
[9/164] HumanEval/105 ... OK
[10/164] HumanEval/106 ... OK
[11/164] HumanEval/107 ... OK
[12/164] HumanEval/108 ... OK
[13/164] HumanEval/109 ... OK
[14/164] HumanEval/11 ... OK
[15/164] HumanEval/110 ... OK
[16/164] HumanEval/111 ... OK
[17/164] HumanEval/112 ... OK
[18/164] HumanEval/113 ... OK
[19/164] HumanEval/114 ... OK
[20/164] HumanEval/115 ... OK
[21/164] HumanEval/116 ... OK
[22/164] HumanEval/117 ... OK
[23/164] HumanEval/118 ... OK
[24/164] HumanEval/119 ... OK
[25/164] HumanEval/12 ... OK
[26/164] HumanEval/120 ... OK
[27/164] HumanEval/121 ... OK
[28/164] HumanEval/122 ... OK
[29/164] HumanEval/123 ... OK
[30/164] HumanEval/124 ... OK
[31/164] HumanEval/125 ... OK
[32/164] HumanEval/126 ... OK
[33/164] HumanEval/127 ... OK
[34/164] HumanEval/128 ... OK
[35/164] HumanEval/129 ... OK
[36/164] HumanEval/13 ... OK
[37/164] HumanEval/130 ... OK
[38/164] HumanEval/131 ... OK
[39/164] HumanEval/132 ... OK
[40/164] HumanEval/133 ... OK
[41/164] HumanEval/134 ... OK
[42/164] HumanEval/135 ... OK
[43/164] HumanEval/136 ... OK
[44/164] HumanEval/137 ... OK
[45/164] HumanEval/138 ... OK
[46/164] HumanEval/139 ... OK
[47/164] HumanEval/14 ... OK
[48/164] HumanEval/140 ... OK
[49/164] HumanEval/141 ... OK
[50/164] HumanEval/142 ... OK
[51/164] HumanEval/143 ... OK
[52/164] HumanEval/144 ... OK
[53/164] HumanEval/145 ... OK
[54/164] HumanEval/146 ... OK
[55/164] HumanEval/147 ... OK
[56/164] HumanEval/148 ... OK
[57/164] HumanEval/149 ... OK
[58/164] HumanEval/15 ... OK
[59/164] HumanEval/150 ... OK
[60/164] HumanEval/151 ... OK
[61/164] HumanEval/152 ... OK
[62/164] HumanEval/153 ... OK
[63/164] HumanEval/154 ... OK
[64/164] HumanEval/155 ... OK
[65/164] HumanEval/156 ... OK
[66/164] HumanEval/157 ... OK
[67/164] HumanEval/158 ... OK
[68/164] HumanEval/159 ... OK
[69/164] HumanEval/16 ... OK
[70/164] HumanEval/160 ... OK
[71/164] HumanEval/161 ... OK
[72/164] HumanEval/162 ... OK
[73/164] HumanEval/163 ... OK
[74/164] HumanEval/17 ... OK
[75/164] HumanEval/18 ... OK
[76/164] HumanEval/19 ... OK
[77/164] HumanEval/2 ... OK
[78/164] HumanEval/20 ... OK
[79/164] HumanEval/21 ... OK
[80/164] HumanEval/22 ... OK
[81/164] HumanEval/23 ... OK
[82/164] HumanEval/24 ... OK
[83/164] HumanEval/25 ... OK
[84/164] HumanEval/26 ... OK
[85/164] HumanEval/27 ... OK
[86/164] HumanEval/28 ... OK
[87/164] HumanEval/29 ... OK
[88/164] HumanEval/3 ... OK
[89/164] HumanEval/30 ... OK
[90/164] HumanEval/31 ... OK
[91/164] HumanEval/32 ... OK
[92/164] HumanEval/33 ... OK
[93/164] HumanEval/34 ... OK
[94/164] HumanEval/35 ... OK
[95/164] HumanEval/36 ... OK
[96/164] HumanEval/37 ... OK
[97/164] HumanEval/38 ... OK
[98/164] HumanEval/39 ... OK
[99/164] HumanEval/4 ... OK
[100/164] HumanEval/40 ... OK
[101/164] HumanEval/41 ... OK
[102/164] HumanEval/42 ... OK
[103/164] HumanEval/43 ... OK
[104/164] HumanEval/44 ... OK
[105/164] HumanEval/45 ... OK
[106/164] HumanEval/46 ... OK
[107/164] HumanEval/47 ... OK
[108/164] HumanEval/48 ... OK
[109/164] HumanEval/49 ... OK
[110/164] HumanEval/5 ... OK
[111/164] HumanEval/50 ... OK
[112/164] HumanEval/51 ... OK
[113/164] HumanEval/52 ... OK
[114/164] HumanEval/53 ... OK
[115/164] HumanEval/54 ... OK
[116/164] HumanEval/55 ... OK
[117/164] HumanEval/56 ... OK
[118/164] HumanEval/57 ... OK
[119/164] HumanEval/58 ... OK
[120/164] HumanEval/59 ... OK
[121/164] HumanEval/6 ... OK
[122/164] HumanEval/60 ... OK
[123/164] HumanEval/61 ... OK
[124/164] HumanEval/62 ... OK
[125/164] HumanEval/63 ... OK
[126/164] HumanEval/64 ... OK
[127/164] HumanEval/65 ... OK
[128/164] HumanEval/66 ... OK
[129/164] HumanEval/67 ... OK
[130/164] HumanEval/68 ... OK
[131/164] HumanEval/69 ... OK
[132/164] HumanEval/7 ... OK
[133/164] HumanEval/70 ... OK
[134/164] HumanEval/71 ... OK
[135/164] HumanEval/72 ... OK
[136/164] HumanEval/73 ... OK
[137/164] HumanEval/74 ... OK
[138/164] HumanEval/75 ... OK
[139/164] HumanEval/76 ... OK
[140/164] HumanEval/77 ... OK
[141/164] HumanEval/78 ... OK
[142/164] HumanEval/79 ... OK
[143/164] HumanEval/8 ... OK
[144/164] HumanEval/80 ... OK
[145/164] HumanEval/81 ... OK
[146/164] HumanEval/82 ... OK
[147/164] HumanEval/83 ... OK
[148/164] HumanEval/84 ... OK
[149/164] HumanEval/85 ... OK
[150/164] HumanEval/86 ... OK
[151/164] HumanEval/87 ... OK
[152/164] HumanEval/88 ... OK
[153/164] HumanEval/89 ... OK
[154/164] HumanEval/9 ... OK
[155/164] HumanEval/90 ... OK
[156/164] HumanEval/91 ... OK
[157/164] HumanEval/92 ... OK
[158/164] HumanEval/93 ... OK
[159/164] HumanEval/94 ... OK
[160/164] HumanEval/95 ... OK
[161/164] HumanEval/96 ... OK
[162/164] HumanEval/97 ... OK
[163/164] HumanEval/98 ... OK
[164/164] HumanEval/99 ... OK

Saved 164 to /mnt/Vsio/MERNIK/eval_results/humaneval_sriqq6_r2.jsonl
battery time: 39.9 min (14.6 s/task over 164 tasks)

--- Evaluating pass@1 ---
Reading samples...
0it [00:00, ?it/s]164it [00:00, 37159.84it/s]
Running test suites...
  0%|          | 0/164 [00:00<?, ?it/s]  1%|          | 1/164 [00:00<02:24,  1.13it/s] 10%|█         | 17/164 [00:01<00:06, 22.65it/s] 20%|█▉        | 32/164 [00:01<00:03, 42.85it/s] 28%|██▊       | 46/164 [00:01<00:01, 60.53it/s] 36%|███▌      | 59/164 [00:01<00:01, 74.41it/s] 45%|████▍     | 73/164 [00:01<00:01, 88.56it/s] 53%|█████▎    | 87/164 [00:01<00:00, 99.65it/s] 61%|██████    | 100/164 [00:01<00:00, 104.55it/s] 70%|██████▉   | 114/164 [00:01<00:00, 110.85it/s] 78%|███████▊  | 128/164 [00:01<00:00, 118.32it/s] 87%|████████▋ | 142/164 [00:01<00:00, 120.92it/s] 95%|█████████▍| 155/164 [00:02<00:00, 123.18it/s]100%|██████████| 164/164 [00:02<00:00, 77.01it/s] 
Writing results to /mnt/Vsio/MERNIK/eval_results/humaneval_sriqq6_r2.jsonl_results.jsonl...
  0%|          | 0/164 [00:00<?, ?it/s]100%|██████████| 164/164 [00:00<00:00, 9347.78it/s]
pass@1: {'pass@1': np.float64(0.6463414634146342)}
own server killed — GPU free
=== Sat Sep 26 03:04:41 CEST 2026 HE+ humaneval_sriqq6_r2.jsonl ===
Load from ground-truth from /home/wepiqx/.cache/evalplus/fe585eb4df8c88d844eeb463ea4d0302.pkl
Reading samples...
0it [00:00, ?it/s]1it [00:00,  1.42it/s]164it [00:00, 219.34it/s]
  0%|          | 0/164 [00:00<?, ?it/s]  1%|          | 1/164 [00:00<02:17,  1.18it/s]  4%|▎         | 6/164 [00:00<00:19,  8.24it/s]  9%|▉         | 15/164 [00:01<00:06, 22.04it/s] 16%|█▌        | 26/164 [00:01<00:03, 38.94it/s] 21%|██        | 34/164 [00:01<00:03, 37.74it/s] 25%|██▌       | 41/164 [00:01<00:02, 43.11it/s] 29%|██▉       | 48/164 [00:01<00:02, 44.33it/s] 33%|███▎      | 54/164 [00:01<00:02, 42.19it/s] 37%|███▋      | 60/164 [00:02<00:03, 33.41it/s] 40%|███▉      | 65/164 [00:02<00:03, 31.79it/s] 42%|████▏     | 69/164 [00:02<00:03, 29.85it/s] 45%|████▍     | 73/164 [00:02<00:02, 31.43it/s] 47%|████▋     | 77/164 [00:02<00:03, 28.88it/s] 50%|█████     | 82/164 [00:02<00:02, 32.62it/s] 53%|█████▎    | 87/164 [00:02<00:02, 36.40it/s] 55%|█████▌    | 91/164 [00:03<00:01, 36.65it/s] 58%|█████▊    | 95/164 [00:03<00:01, 36.78it/s] 60%|██████    | 99/164 [00:03<00:01, 34.87it/s] 63%|██████▎   | 103/164 [00:03<00:01, 33.43it/s] 65%|██████▌   | 107/164 [00:03<00:01, 31.51it/s] 68%|██████▊   | 111/164 [00:03<00:01, 29.70it/s] 70%|███████   | 115/164 [00:03<00:01, 30.55it/s] 73%|███████▎  | 119/164 [00:03<00:01, 30.66it/s] 75%|███████▌  | 123/164 [00:04<00:01, 30.58it/s] 78%|███████▊  | 128/164 [00:04<00:01, 33.28it/s] 82%|████████▏ | 134/164 [00:04<00:00, 38.85it/s] 85%|████████▌ | 140/164 [00:04<00:00, 44.16it/s] 88%|████████▊ | 145/164 [00:04<00:00, 43.05it/s] 93%|█████████▎| 152/164 [00:04<00:00, 46.97it/s] 96%|█████████▋| 158/164 [00:04<00:00, 43.81it/s] 99%|█████████▉| 163/164 [00:05<00:00, 12.45it/s]100%|██████████| 164/164 [00:06<00:00, 26.62it/s]
humaneval (base tests)
pass@1:	0.634
humaneval+ (base + extra tests)
pass@1:	0.585
CHAIN-SRIQRERUN-DONE Sat Sep 26 03:05:04 CEST 2026
=== Sat Sep 26 03:15:36 CEST 2026 QUANT SRIQ-5100-SMSE (own SRIQ imatrix) ===
=== MERNIK ===
Model:   /mnt/Vsio/Downloads/sriq-mimo_v2.6-9b-v1.6.BF16.gguf
Imatrix: /mnt/Vsio/Downloads/SRIQ-MIMO-9B.imatrix.gguf
Target:  5100 MiB (4.98 GB)

[1/4] Reading model...
  Architecture: qwen35
  Tensors: 427
  Features: {
  "has_qkv": true,
  "has_ssm": true,
  "has_mtp": false,
  "has_moe": false,
  "is_qat": false,
  "prefix": "blk",
  "n_layers": 32
}

[2/4] Reading imatrix...
  /mnt/Vsio/Downloads/SRIQ-MIMO-9B.imatrix.gguf: 248 tensors, datasets=[6]
  Combined: 248 tensors

[3/4] Detecting tied groups...
  Found 128 tied groups:
    TIED (4): blk.0.attn_gate  =  blk.0.attn_qkv
    TIED (2): blk.0.ffn_gate  =  blk.0.ffn_up
    TIED (4): blk.1.attn_gate  =  blk.1.attn_qkv
    TIED (2): blk.1.ffn_gate  =  blk.1.ffn_up
    TIED (4): blk.10.attn_gate  =  blk.10.attn_qkv
    TIED (2): blk.10.ffn_gate  =  blk.10.ffn_up
    TIED (3): blk.11.attn_k  =  blk.11.attn_q
    TIED (2): blk.11.ffn_gate  =  blk.11.ffn_up
    TIED (4): blk.12.attn_gate  =  blk.12.attn_qkv
    TIED (2): blk.12.ffn_gate  =  blk.12.ffn_up
    TIED (4): blk.13.attn_gate  =  blk.13.attn_qkv
    TIED (2): blk.13.ffn_gate  =  blk.13.ffn_up
    TIED (4): blk.14.attn_gate  =  blk.14.attn_qkv
    TIED (2): blk.14.ffn_gate  =  blk.14.ffn_up
    TIED (3): blk.15.attn_k  =  blk.15.attn_q
    TIED (2): blk.15.ffn_gate  =  blk.15.ffn_up
    TIED (4): blk.16.attn_gate  =  blk.16.attn_qkv
    TIED (2): blk.16.ffn_gate  =  blk.16.ffn_up
    TIED (4): blk.17.attn_gate  =  blk.17.attn_qkv
    TIED (2): blk.17.ffn_gate  =  blk.17.ffn_up
    TIED (4): blk.18.attn_gate  =  blk.18.attn_qkv
    TIED (2): blk.18.ffn_gate  =  blk.18.ffn_up
    TIED (3): blk.19.attn_k  =  blk.19.attn_q
    TIED (2): blk.19.ffn_gate  =  blk.19.ffn_up
    TIED (4): blk.2.attn_gate  =  blk.2.attn_qkv
    TIED (2): blk.2.ffn_gate  =  blk.2.ffn_up
    TIED (4): blk.20.attn_gate  =  blk.20.attn_qkv
    TIED (2): blk.20.ffn_gate  =  blk.20.ffn_up
    TIED (4): blk.21.attn_gate  =  blk.21.attn_qkv
    TIED (2): blk.21.ffn_gate  =  blk.21.ffn_up
    TIED (4): blk.22.attn_gate  =  blk.22.attn_qkv
    TIED (2): blk.22.ffn_gate  =  blk.22.ffn_up
    TIED (3): blk.23.attn_k  =  blk.23.attn_q
    TIED (2): blk.23.ffn_gate  =  blk.23.ffn_up
    TIED (4): blk.24.attn_gate  =  blk.24.attn_qkv
    TIED (2): blk.24.ffn_gate  =  blk.24.ffn_up
    TIED (4): blk.25.attn_gate  =  blk.25.attn_qkv
    TIED (2): blk.25.ffn_gate  =  blk.25.ffn_up
    TIED (4): blk.26.attn_gate  =  blk.26.attn_qkv
    TIED (2): blk.26.ffn_gate  =  blk.26.ffn_up
    TIED (3): blk.27.attn_k  =  blk.27.attn_q
    TIED (2): blk.27.ffn_gate  =  blk.27.ffn_up
    TIED (4): blk.28.attn_gate  =  blk.28.attn_qkv
    TIED (2): blk.28.ffn_gate  =  blk.28.ffn_up
    TIED (4): blk.29.attn_gate  =  blk.29.attn_qkv
    TIED (2): blk.29.ffn_gate  =  blk.29.ffn_up
    TIED (3): blk.3.attn_k  =  blk.3.attn_q
    TIED (2): blk.3.ffn_gate  =  blk.3.ffn_up
    TIED (4): blk.30.attn_gate  =  blk.30.attn_qkv
    TIED (2): blk.30.ffn_gate  =  blk.30.ffn_up
    TIED (3): blk.31.attn_k  =  blk.31.attn_q
    TIED (2): blk.31.ffn_gate  =  blk.31.ffn_up
    TIED (4): blk.4.attn_gate  =  blk.4.attn_qkv
    TIED (2): blk.4.ffn_gate  =  blk.4.ffn_up
    TIED (4): blk.5.attn_gate  =  blk.5.attn_qkv
    TIED (2): blk.5.ffn_gate  =  blk.5.ffn_up
    TIED (4): blk.6.attn_gate  =  blk.6.attn_qkv
    TIED (2): blk.6.ffn_gate  =  blk.6.ffn_up
    TIED (3): blk.7.attn_k  =  blk.7.attn_q
    TIED (2): blk.7.ffn_gate  =  blk.7.ffn_up
    TIED (4): blk.8.attn_gate  =  blk.8.attn_qkv
    TIED (2): blk.8.ffn_gate  =  blk.8.ffn_up
    TIED (4): blk.9.attn_gate  =  blk.9.attn_qkv
    TIED (2): blk.9.ffn_gate  =  blk.9.ffn_up

[4/4] Classifying tensors (greedy imatrix-driven)...
  BATTLEFIELD utility: {'mode': 'smse', 'cv_w': 1.0, 'linf_w': 1.0, 'huber_delta': 0.0003, 'ssim_table': 'models/ssim_table.npz', 'frag_w': 0.5, 'ptable': 'models/ssim_ptable.npz', 'netpred': 'models/netpred.json', 'netdmg_w': 0.5, 'mix_base': 'smape'}

  Tier distribution:
    F16: 177 tensors (2.0 MiB)
    Q4_K: 214 tensors (3476.4 MiB)
    Q5_K: 36 tensors (1621.0 MiB)
  Total estimated size: 5099.4 MiB

  Top 10 by importance:
    blk.31.ffn_down                                      imp=   1012663 tier=Q4_K
    blk.29.ffn_gate                                      imp=    647023 tier=Q4_K
    blk.29.ffn_up                                        imp=    647023 tier=Q4_K
    blk.30.ffn_gate                                      imp=    622952 tier=Q4_K
    blk.30.ffn_up                                        imp=    622952 tier=Q4_K
    blk.3.attn_k                                         imp=    620888 tier=Q5_K
    blk.3.attn_q                                         imp=    620888 tier=Q5_K
    blk.3.attn_v                                         imp=    620888 tier=Q5_K
    blk.28.ffn_gate                                      imp=    609219 tier=Q4_K
    blk.28.ffn_up                                        imp=    609219 tier=Q4_K

Config (base=Q5_K_M):
  --output-tensor-type Q5_K
  --token-embedding-type Q5_K
  --tensor-type "(blk|BLK)\.((?:0|1|2|3|4|5|6|7|8|9|10|11|12|13|14|15|16|17|18|19|20|21|22|23|24|25|26|27|28|29|30|31))\.ffn_down=Q4_K"
  --tensor-type "(blk|BLK)\.(3|7|11|15|19|23|27|31)\.attn_k_norm=F16"
  --tensor-type "(blk|BLK)\.([0-2]|[4-6]|(?:8|9|10)|(?:12|13|14)|(?:16|17|18)|(?:20|21|22)|(?:24|25|26)|(?:28|29|30))\.ssm_conv1d=F16"
  --tensor-type "(blk|BLK)\.([0-2]|[4-6]|(?:8|9|10)|(?:12|13|14)|(?:16|17|18)|(?:20|21|22)|(?:24|25|26)|(?:28|29|30))\.ssm_a=F16"
  --tensor-type "(blk|BLK)\.([0-2]|[4-6]|(?:8|9|10)|(?:12|13|14)|(?:16|17|18)|(?:20|21|22)|(?:24|25|26)|(?:28|29|30))\.ssm_dt=F16"
  --tensor-type "(blk|BLK)\.(3|7|11|15|19|23|27|31)\.attn_q_norm=F16"
  --tensor-type "(blk|BLK)\.((?:0|1|2|3|4|5|6|7|8|9|10|11|12|13|14|15|16|17|18|19|20|21|22|23|24|25|26|27|28|29|30|31))\.post_attention_norm=F16"
  --tensor-type "(blk|BLK)\.((?:0|1|2|3|4|5|6|7|8|9|10|11|12|13|14|15|16|17|18|19|20|21|22|23|24|25|26|27|28|29|30|31))\.attn_norm=F16"
  --tensor-type "(blk|BLK)\.([0-2]|[4-6]|(?:8|9|10)|(?:12|13|14)|(?:16|17|18)|(?:20|21|22)|(?:24|25|26)|(?:28|29|30))\.ssm_norm=F16"
  --tensor-type "(blk|BLK)\.((?:20|21)|(?:24|25|26)|28|30)\.ssm_beta=Q5_K"
  --tensor-type "(blk|BLK)\.((?:20|21)|(?:24|25|26)|28|30)\.ssm_alpha=Q5_K"
  --tensor-type "(blk|BLK)\.((?:20|21)|(?:24|25|26)|28|30)\.attn_gate=Q5_K"
  --tensor-type "(blk|BLK)\.((?:20|21)|(?:24|25|26)|28|30)\.attn_qkv=Q5_K"
  --tensor-type "(blk|BLK)\.(3|31)\.attn_v=Q5_K"
  --tensor-type "(blk|BLK)\.(3|31)\.attn_k=Q5_K"
  --tensor-type "(blk|BLK)\.(3|31)\.attn_q=Q5_K"
  --tensor-type "(blk|BLK)\.((?:0|1|2|3|4|5|6|7|8|9|10|11|12|13|14|15|16|17|18|19|20|21|22|23|24|25|26|27|28|29|30|31))\.ffn_gate=Q4_K"
  --tensor-type "(blk|BLK)\.([0-2]|[4-6]|(?:8|9|10)|(?:12|13|14)|(?:16|17|18)|22|29)\.attn_qkv=Q4_K"
  --tensor-type "(blk|BLK)\.([0-2]|[4-6]|(?:8|9|10)|(?:12|13|14)|(?:16|17|18)|22|29)\.attn_gate=Q4_K"
  --tensor-type "(blk|BLK)\.([0-2]|[4-6]|(?:8|9|10)|(?:12|13|14)|(?:16|17|18)|(?:20|21|22)|(?:24|25|26)|(?:28|29|30))\.ssm_out=Q4_K"
  --tensor-type "(blk|BLK)\.(3|7|11|15|19|23|27|31)\.attn_output=Q4_K"
  --tensor-type "(blk|BLK)\.(7|11|15|19|23|27)\.attn_v=Q4_K"
  --tensor-type "(blk|BLK)\.([0-2]|[4-6]|(?:8|9|10)|(?:12|13|14)|(?:16|17|18)|22|29)\.ssm_beta=Q4_K"
  --tensor-type "(blk|BLK)\.([0-2]|[4-6]|(?:8|9|10)|(?:12|13|14)|(?:16|17|18)|22|29)\.ssm_alpha=Q4_K"
  --tensor-type "(blk|BLK)\.(7|11|15|19|23|27)\.attn_q=Q4_K"
  --tensor-type "(blk|BLK)\.(7|11|15|19|23|27)\.attn_k=Q4_K"
  --tensor-type "(blk|BLK)\.((?:0|1|2|3|4|5|6|7|8|9|10|11|12|13|14|15|16|17|18|19|20|21|22|23|24|25|26|27|28|29|30|31))\.ffn_up=Q4_K"
  --tensor-type ".*output_norm.*=F16"

--- Dry Run ---
  Estimated size: 5106 MiB (4.99 GB)
  ⚠  Over target by 6 MiB

--- Running quantization: /mnt/Vsio/Downloads/SRIQ-MIMO-9B-MERNIK-5100-SMSE.gguf ---
Running: /home/wepiqx/llama.cpp/build/bin/llama-quantize --imatrix /mnt/Vsio/Downloads/SRIQ-MIMO-9B.imatrix.gguf --output-tensor-type Q5_K --token-embedding-type ...
load_backend: loaded BLAS backend from /home/wepiqx/llama.cpp/build/bin/libggml-blas.so
ggml_cuda_init: found 1 CUDA devices (Total VRAM: 8106 MiB):
  Device 0: NVIDIA GeForce GTX 1070, compute capability 6.1, VMM: yes, VRAM: 8106 MiB
load_backend: loaded CUDA backend from /home/wepiqx/llama.cpp/build/bin/libggml-cuda.so
load_backend: loaded CPU backend from /home/wepiqx/llama.cpp/build/bin/libggml-cpu-haswell.so
version: 0.5.0-dev (build 11170, commit a02c7f58c)
built with GNU 16.2.1 for Linux 
Done: /mnt/Vsio/Downloads/SRIQ-MIMO-9B-MERNIK-5100-SMSE.gguf (5116 MiB)
Done!
=== Sat Sep 26 03:19:35 CEST 2026 HE SRIQ-5100-SMSE temp=1.0 ===
serving /mnt/Vsio/Downloads/SRIQ-MIMO-9B-MERNIK-5100-SMSE.gguf on 28082
battery start: 2026-09-26 03:20:16
[1/164] HumanEval/0 ... OK
[2/164] HumanEval/1 ... OK
[3/164] HumanEval/10 ... OK
[4/164] HumanEval/100 ... OK
[5/164] HumanEval/101 ... OK
[6/164] HumanEval/102 ... OK
[7/164] HumanEval/103 ... OK
[8/164] HumanEval/104 ... OK
[9/164] HumanEval/105 ... OK
[10/164] HumanEval/106 ... OK
[11/164] HumanEval/107 ... OK
[12/164] HumanEval/108 ... OK
[13/164] HumanEval/109 ... OK
[14/164] HumanEval/11 ... OK
[15/164] HumanEval/110 ... OK
[16/164] HumanEval/111 ... OK
[17/164] HumanEval/112 ... OK
[18/164] HumanEval/113 ... OK
[19/164] HumanEval/114 ... OK
[20/164] HumanEval/115 ... OK
[21/164] HumanEval/116 ... OK
[22/164] HumanEval/117 ... OK
[23/164] HumanEval/118 ... OK
[24/164] HumanEval/119 ... OK
[25/164] HumanEval/12 ... OK
[26/164] HumanEval/120 ... OK
[27/164] HumanEval/121 ... OK
[28/164] HumanEval/122 ... OK
[29/164] HumanEval/123 ... OK
[30/164] HumanEval/124 ... OK
[31/164] HumanEval/125 ... OK
[32/164] HumanEval/126 ... OK
[33/164] HumanEval/127 ... OK
[34/164] HumanEval/128 ... OK
[35/164] HumanEval/129 ... OK
[36/164] HumanEval/13 ... OK
[37/164] HumanEval/130 ... OK
[38/164] HumanEval/131 ... OK
[39/164] HumanEval/132 ... OK
[40/164] HumanEval/133 ... OK
[41/164] HumanEval/134 ... OK
[42/164] HumanEval/135 ... OK
[43/164] HumanEval/136 ... OK
[44/164] HumanEval/137 ... OK
[45/164] HumanEval/138 ... OK
[46/164] HumanEval/139 ... OK
[47/164] HumanEval/14 ... OK
[48/164] HumanEval/140 ... OK
[49/164] HumanEval/141 ... OK
[50/164] HumanEval/142 ... OK
[51/164] HumanEval/143 ... OK
[52/164] HumanEval/144 ... OK
[53/164] HumanEval/145 ... OK
[54/164] HumanEval/146 ... OK
[55/164] HumanEval/147 ... OK
[56/164] HumanEval/148 ... OK
[57/164] HumanEval/149 ... OK
[58/164] HumanEval/15 ... OK
[59/164] HumanEval/150 ... OK
[60/164] HumanEval/151 ... OK
[61/164] HumanEval/152 ... OK
[62/164] HumanEval/153 ... OK
[63/164] HumanEval/154 ... OK
[64/164] HumanEval/155 ... OK
[65/164] HumanEval/156 ... OK
[66/164] HumanEval/157 ... OK
[67/164] HumanEval/158 ... OK
[68/164] HumanEval/159 ... OK
[69/164] HumanEval/16 ... OK
[70/164] HumanEval/160 ... OK
[71/164] HumanEval/161 ... OK
[72/164] HumanEval/162 ... OK
[73/164] HumanEval/163 ... OK
[74/164] HumanEval/17 ... OK
[75/164] HumanEval/18 ... OK
[76/164] HumanEval/19 ... OK
[77/164] HumanEval/2 ... OK
[78/164] HumanEval/20 ... OK
[79/164] HumanEval/21 ... OK
[80/164] HumanEval/22 ... OK
[81/164] HumanEval/23 ... OK
[82/164] HumanEval/24 ... OK
[83/164] HumanEval/25 ... OK
[84/164] HumanEval/26 ... OK
[85/164] HumanEval/27 ... OK
[86/164] HumanEval/28 ... OK
[87/164] HumanEval/29 ... OK
[88/164] HumanEval/3 ... OK
[89/164] HumanEval/30 ... OK
[90/164] HumanEval/31 ... OK
[91/164] HumanEval/32 ... OK
[92/164] HumanEval/33 ... OK
[93/164] HumanEval/34 ... OK
[94/164] HumanEval/35 ... OK
[95/164] HumanEval/36 ... OK
[96/164] HumanEval/37 ... OK
[97/164] HumanEval/38 ... OK
[98/164] HumanEval/39 ... OK
[99/164] HumanEval/4 ... OK
[100/164] HumanEval/40 ... OK
[101/164] HumanEval/41 ... OK
[102/164] HumanEval/42 ... OK
[103/164] HumanEval/43 ... OK
[104/164] HumanEval/44 ... OK
[105/164] HumanEval/45 ... OK
[106/164] HumanEval/46 ... OK
[107/164] HumanEval/47 ... OK
[108/164] HumanEval/48 ... OK
[109/164] HumanEval/49 ... OK
[110/164] HumanEval/5 ... OK
[111/164] HumanEval/50 ... OK
[112/164] HumanEval/51 ... OK
[113/164] HumanEval/52 ... OK
[114/164] HumanEval/53 ... OK
[115/164] HumanEval/54 ... OK
[116/164] HumanEval/55 ... OK
[117/164] HumanEval/56 ... OK
[118/164] HumanEval/57 ... OK
[119/164] HumanEval/58 ... OK
[120/164] HumanEval/59 ... OK
[121/164] HumanEval/6 ... OK
[122/164] HumanEval/60 ... OK
[123/164] HumanEval/61 ... OK
[124/164] HumanEval/62 ... OK
[125/164] HumanEval/63 ... OK
[126/164] HumanEval/64 ... OK
[127/164] HumanEval/65 ... OK
[128/164] HumanEval/66 ... OK
[129/164] HumanEval/67 ... OK
[130/164] HumanEval/68 ... OK
[131/164] HumanEval/69 ... OK
[132/164] HumanEval/7 ... OK
[133/164] HumanEval/70 ... OK
[134/164] HumanEval/71 ... OK
[135/164] HumanEval/72 ... OK
[136/164] HumanEval/73 ... OK
[137/164] HumanEval/74 ... OK
[138/164] HumanEval/75 ... OK
[139/164] HumanEval/76 ... OK
[140/164] HumanEval/77 ... OK
[141/164] HumanEval/78 ... OK
[142/164] HumanEval/79 ... OK
[143/164] HumanEval/8 ... OK
[144/164] HumanEval/80 ... OK
[145/164] HumanEval/81 ... OK
[146/164] HumanEval/82 ... OK
[147/164] HumanEval/83 ... OK
[148/164] HumanEval/84 ... OK
[149/164] HumanEval/85 ... OK
[150/164] HumanEval/86 ... OK
[151/164] HumanEval/87 ... OK
[152/164] HumanEval/88 ... OK
[153/164] HumanEval/89 ... OK
[154/164] HumanEval/9 ... OK
[155/164] HumanEval/90 ... OK
[156/164] HumanEval/91 ... OK
[157/164] HumanEval/92 ... OK
[158/164] HumanEval/93 ... OK
[159/164] HumanEval/94 ... OK
[160/164] HumanEval/95 ... OK
[161/164] HumanEval/96 ... OK
[162/164] HumanEval/97 ... OK
[163/164] HumanEval/98 ... OK
[164/164] HumanEval/99 ... OK

Saved 164 to /mnt/Vsio/MERNIK/eval_results/humaneval_sriq5100smse.jsonl
battery time: 26.3 min (9.6 s/task over 164 tasks)

--- Evaluating pass@1 ---
Reading samples...
0it [00:00, ?it/s]164it [00:00, 49661.82it/s]
Running test suites...
  0%|          | 0/164 [00:00<?, ?it/s]  1%|          | 1/164 [00:00<02:08,  1.27it/s]  9%|▊         | 14/164 [00:00<00:07, 20.85it/s] 16%|█▌        | 26/164 [00:00<00:03, 38.55it/s] 24%|██▍       | 39/164 [00:01<00:02, 56.76it/s] 32%|███▏      | 52/164 [00:01<00:01, 72.87it/s] 40%|███▉      | 65/164 [00:01<00:01, 83.56it/s] 47%|████▋     | 77/164 [00:01<00:00, 90.60it/s] 54%|█████▍    | 89/164 [00:01<00:00, 93.77it/s] 61%|██████    | 100/164 [00:01<00:00, 94.26it/s] 68%|██████▊   | 111/164 [00:01<00:00, 94.38it/s] 74%|███████▍  | 122/164 [00:01<00:00, 92.53it/s] 81%|████████  | 133/164 [00:02<00:00, 95.51it/s] 87%|████████▋ | 143/164 [00:02<00:00, 95.50it/s] 94%|█████████▍| 154/164 [00:02<00:00, 93.94it/s]100%|██████████| 164/164 [00:04<00:00, 14.56it/s]100%|██████████| 164/164 [00:04<00:00, 37.41it/s]
Writing results to /mnt/Vsio/MERNIK/eval_results/humaneval_sriq5100smse.jsonl_results.jsonl...
  0%|          | 0/164 [00:00<?, ?it/s]100%|██████████| 164/164 [00:00<00:00, 106414.89it/s]
pass@1: {'pass@1': np.float64(0.6341463414634146)}
own server killed — GPU free
=== Sat Sep 26 03:46:35 CEST 2026 HE+ humaneval_sriq5100smse.jsonl ===
Load from ground-truth from /home/wepiqx/.cache/evalplus/fe585eb4df8c88d844eeb463ea4d0302.pkl
Reading samples...
0it [00:00, ?it/s]1it [00:00,  1.38it/s]164it [00:00, 214.49it/s]
  0%|          | 0/164 [00:00<?, ?it/s]  1%|          | 1/164 [00:00<02:31,  1.08it/s]  4%|▎         | 6/164 [00:01<00:21,  7.26it/s]  9%|▉         | 15/164 [00:01<00:07, 19.95it/s] 15%|█▌        | 25/164 [00:01<00:04, 34.06it/s] 20%|█▉        | 32/164 [00:01<00:04, 32.13it/s] 24%|██▍       | 40/164 [00:01<00:03, 40.52it/s] 29%|██▊       | 47/164 [00:01<00:02, 44.04it/s] 33%|███▎      | 54/164 [00:01<00:02, 46.10it/s] 37%|███▋      | 60/164 [00:02<00:02, 42.85it/s] 40%|████      | 66/164 [00:02<00:02, 43.35it/s] 44%|████▍     | 72/164 [00:02<00:02, 43.76it/s] 47%|████▋     | 77/164 [00:02<00:02, 36.67it/s] 50%|█████     | 82/164 [00:02<00:03, 23.42it/s] 52%|█████▏    | 86/164 [00:03<00:03, 21.62it/s] 54%|█████▍    | 89/164 [00:03<00:03, 22.00it/s] 56%|█████▌    | 92/164 [00:03<00:03, 23.11it/s] 58%|█████▊    | 95/164 [00:03<00:03, 20.28it/s] 60%|█████▉    | 98/164 [00:03<00:03, 19.26it/s] 62%|██████▏   | 101/164 [00:03<00:03, 20.81it/s] 63%|██████▎   | 104/164 [00:04<00:02, 22.40it/s] 65%|██████▌   | 107/164 [00:04<00:02, 23.76it/s] 68%|██████▊   | 111/164 [00:04<00:02, 25.91it/s] 71%|███████   | 116/164 [00:04<00:01, 31.71it/s] 73%|███████▎  | 120/164 [00:04<00:01, 32.45it/s] 77%|███████▋  | 127/164 [00:04<00:00, 40.96it/s] 82%|████████▏ | 135/164 [00:04<00:00, 50.92it/s] 87%|████████▋ | 143/164 [00:04<00:00, 57.61it/s] 92%|█████████▏| 151/164 [00:04<00:00, 62.89it/s] 98%|█████████▊| 160/164 [00:04<00:00, 70.02it/s]100%|██████████| 164/164 [00:05<00:00, 29.67it/s]
humaneval (base tests)
pass@1:	0.634
humaneval+ (base + extra tests)
pass@1:	0.567
CHAIN-SRIQSMSE-DONE Sat Sep 26 03:46:59 CEST 2026
